;IMP_display_hienz_budget;IMP_olv_hienz_budget;IMP_agents_budget;IMP_social_hienz_budget;TV_hienz_grp;TV_sponsor_hienz_grp;Investment;IMP_display_hienz_budget_ROAS;IMP_olv_hienz_budget_ROAS;IMP_agents_budget_ROAS;IMP_social_hienz_budget_ROAS;TV_hienz_grp_ROAS;TV_sponsor_hienz_grp_ROAS
0;0;0;0;0;0;0;0;0;0;0;0;0;0
1;5.229811441;6.28099916;5.752792585;5.404138489;3.479291472;7.392872531;1000000;1.61490572;2.14049958;1.876396292;1.702069244;0.739645736;2.696436266
2;10.41622221;12.52026426;11.45784443;10.76342961;6.953222276;14.71140823;2000000;3.208111103;4.26013213;3.728922214;3.381714807;1.476611138;5.355704114
3;15.55959247;18.7180726;17.11555171;16.07824555;10.42180067;21.95635456;3000000;4.779796234;6.359036302;5.557775857;5.039122775;2.210900337;7.978177281
4;20.6602794;24.87469965;22.72630734;21.34895538;13.88503491;29.12845149;4000000;6.330139702;8.437349824;7.363153672;6.674477692;2.942517455;10.56422574
5;25.71863723;30.99041902;28.29050095;26.57592514;17.34293322;36.22843152;5000000;7.859318616;10.49520951;9.145250477;8.28796257;3.671466609;13.11421576
6;30.73501723;37.06550254;33.80851895;31.7595178;20.79550382;43.25701982;6000000;9.367508614;12.53275127;10.90425948;9.879758902;4.397751911;15.62850991
7;35.70976775;43.1002202;39.28074453;36.90009335;24.24275493;50.21493423;7000000;10.85488388;14.5501101;12.64037227;11.45004667;5.121377464;18.10746711
8;40.64323428;49.09484021;44.70755771;41.99800876;27.68469473;57.1028854;8000000;12.32161714;16.54742011;14.35377886;12.99900438;5.842347366;20.5514427
9;45.53575942;55.04962901;50.08933536;47.05361806;31.12133142;63.92157682;9000000;13.76787971;18.52481451;16.04466768;14.52680903;6.560665709;22.96078841
10;50.38768292;60.96485126;55.42645121;52.06727235;34.55267316;70.67170491;10000000;15.19384146;20.48242563;17.7132256;16.03363617;7.276336578;25.33585245
11;55.19934172;66.84076985;60.71927589;57.03931978;37.97872811;77.35395909;11000000;16.59967086;22.42038492;19.35963795;17.51965989;7.989364053;27.67697955
12;59.97106998;72.67764593;65.96817698;61.97010565;41.39950441;83.96902185;12000000;17.98553499;24.33882296;20.98408849;18.98505282;8.699752206;29.98451093
13;64.70319906;78.47573893;71.17351896;66.85997236;44.81501021;90.51756881;13000000;19.35159953;26.23786946;22.58675948;20.42998618;9.407505104;32.25878441
14;69.39605758;84.23530653;76.33566334;71.70925951;48.22525361;97.0002688;14000000;20.69802879;28.11765327;24.16783167;21.85462975;10.11262681;34.5001344
15;74.04997145;89.95660472;81.4549686;76.51830384;51.63024274;103.4177839;15000000;22.02498573;29.97830236;25.7274843;23.25915192;10.81512137;36.70889196
16;78.66526385;95.63988779;86.53179023;81.28743931;55.02998567;109.7707696;16000000;23.33263192;31.81994389;27.26589512;24.64371966;11.51499284;38.88538482
17;83.24225529;101.2854083;91.56648081;86.01699713;58.4244905;116.0598748;17000000;24.62112764;33.64270415;28.78324041;26.00849857;12.21224525;41.02993739
18;87.78126361;106.8934172;96.55938997;90.70730573;61.8137653;122.2857417;18000000;25.8906318;35.4467086;30.27969499;27.35365287;12.90688265;43.14287085
19;92.28260403;112.4641637;101.5108644;95.35869084;65.19781813;128.4490063;19000000;27.14130202;37.23208186;31.75543222;28.67934542;13.59890906;45.22450313
20;96.74658915;117.9978955;106.4212481;99.97147545;68.57665702;134.5502979;20000000;28.37329457;38.99894773;33.21062403;29.98573773;14.28832851;47.27514897
21;101.173529;123.4948583;111.2908819;104.5459799;71.95029002;140.5902399;21000000;29.58676448;40.74742917;34.64544093;31.27298996;14.97514501;49.29511995
22;105.5637309;128.9552967;116.120104;109.0825219;75.31872514;146.569449;22000000;30.78186544;42.47764834;36.06005199;32.54126096;15.65936257;51.28472451
23;109.9174998;134.3794532;120.9092498;113.5814165;78.6819704;152.488536;23000000;31.95874991;44.18972659;37.4546249;33.79070824;16.3409852;53.24426798
24;114.2351381;139.7675689;125.6586519;118.042976;82.04003378;158.3481053;24000000;33.11756905;45.88378445;38.82932595;35.02148802;17.02001689;55.17405265
25;118.5169456;145.1198833;130.3686401;122.4675104;85.39292328;164.1487555;25000000;34.25847278;47.55994166;40.18432005;36.2337552;17.69646164;57.07437773
26;122.7632195;150.4366343;135.0395415;126.8553269;88.74064687;169.8910789;26000000;35.38160977;49.21831717;41.51977075;37.42766343;18.37032343;58.94553946
27;126.974255;155.7180582;139.6716804;131.2067301;92.08321249;175.5756621;27000000;36.48712748;50.85902911;42.83584022;38.60336506;19.04160625;60.78783107
28;131.1503442;160.9643897;144.2653786;135.5220224;95.42062811;181.2030857;28000000;37.5751721;52.48219486;44.13268931;39.76101118;19.71031406;62.60154286
29;135.2917773;166.175862;148.8209551;139.8015032;98.75290166;186.7739244;29000000;38.64588866;54.087931;45.41047753;40.90075162;20.37645083;64.38696221
30;139.3988419;171.3527067;153.3387261;144.04547;102.0800411;192.2887472;30000000;39.69942095;55.67635334;46.66936304;42.02273498;21.04002053;66.1443736
31;143.4718231;176.4951538;157.8190055;148.2542172;105.4020542;197.7481173;31000000;40.73591157;57.24757692;47.90950273;43.12710862;21.7010271;67.87405866
32;147.5110039;181.6034321;162.2621043;152.4280374;108.718949;203.1525924;32000000;41.75550195;58.80171603;49.13105215;44.21401869;22.35947451;69.57629619
33;151.5166647;186.6777684;166.6683312;156.5672202;112.0307334;208.5027243;33000000;42.75833235;60.33888418;50.33416558;45.28361009;23.01536668;71.25136216
34;155.4890837;191.7183883;171.037992;160.6720531;115.3374151;213.7990596;34000000;43.74454184;61.85919413;51.51899602;46.33602657;23.66870757;72.89952981
35;159.4285367;196.7255158;175.3713904;164.7428213;118.6390022;219.0421392;35000000;44.71426835;63.36275789;52.68569519;47.37141064;24.31950109;74.52106959
36;163.3352974;201.6993735;179.6688271;168.7798073;121.9355024;224.2324985;36000000;45.66764869;64.84968674;53.83441356;48.38990365;24.96775118;76.11624925
37;167.209637;206.6401824;183.9306007;172.7832916;125.2269235;229.3706677;37000000;46.60481849;66.32009121;54.96530034;49.39164578;25.61346175;77.68533386
38;171.0518246;211.5481622;188.157007;176.7535521;128.5132734;234.4571716;38000000;47.52591229;67.77408109;56.07850352;50.37677604;26.25663672;79.2285858
39;174.862127;216.4235309;192.3483397;180.6908646;131.79456;239.4925296;39000000;48.43106349;69.21176545;57.17416984;51.34543228;26.89727999;80.74626482
40;178.6408088;221.2665053;196.5048897;184.5955024;135.0707909;244.4772561;40000000;49.3204044;70.63325263;58.25244484;52.29775122;27.53539546;82.23862807
41;182.3881325;226.0773005;200.6269457;188.4677369;138.3419741;249.4118602;41000000;50.19406623;72.03865025;59.31347285;53.23386844;28.17098704;83.7059301
42;186.1043582;230.8561305;204.714794;192.3078368;141.6081172;254.2968458;42000000;51.05217908;73.42806523;60.35739699;54.15391838;28.80405859;85.14842291
43;189.789744;235.6032075;208.7687184;196.1160688;144.869228;259.1327119;43000000;51.89487199;74.80160375;61.38435919;55.0580344;29.43461402;86.56635596
44;193.4445459;240.3187426;212.7890005;199.8926974;148.1253144;263.9199524;44000000;52.72227294;76.15937131;62.39450024;55.94634871;30.06265719;87.9599762
45;197.0690176;245.0029454;216.7759194;203.6379849;151.376384;268.6590562;45000000;53.53450882;77.5014727;63.38795971;56.81899245;30.68819198;89.3295281
46;200.663411;249.656024;220.7297521;207.3521914;154.6224445;273.3505073;46000000;54.33170549;78.82801201;64.36487604;57.67609568;31.31122225;90.67525367
47;204.2279755;254.2781853;224.650773;211.0355747;157.8635037;277.994785;47000000;55.11398775;80.13909265;65.32538652;58.51778734;31.93175186;91.9973925
48;207.7629587;258.8696346;228.5392546;214.6883907;161.0995693;282.5923635;48000000;55.88147937;81.43481732;66.2696273;59.34419535;32.54978466;93.29618175
49;211.2686062;263.4305761;232.3954668;218.3108931;164.330649;287.1437124;49000000;56.63430309;82.71528807;67.1977334;60.15544653;33.1653245;94.57185621
50;214.7451613;267.9612125;236.2196774;221.9033333;167.5567504;291.6492966;50000000;57.37258064;83.98060624;68.10983871;60.95166666;33.77837522;95.8246483
51;218.1928655;272.461745;240.012152;225.465961;170.7778813;296.1095762;51000000;58.09643274;85.23087252;69.00607601;61.7329805;34.38894066;97.05478811
52;221.6119582;276.9323738;243.773154;228.9990235;173.9940493;300.5250068;52000000;58.80597909;86.46618692;69.886577;62.49951173;34.99702465;98.26250341
53;225.0026768;281.3732976;247.5029445;232.5027661;177.205262;304.8960394;53000000;59.50133841;87.68664879;70.75147225;63.25138303;35.602631;99.44801968
54;228.3652569;285.7847136;251.2017826;235.9774321;180.4115271;309.2231203;54000000;60.18262845;88.89235681;71.60089129;63.98871607;36.20576354;100.6115601
55;231.6999319;290.166818;254.8699251;239.423263;183.6128521;313.5066915;55000000;60.84996595;90.08340902;72.43496254;64.71163148;36.80642607;101.7533458
56;235.0069334;294.5198056;258.5076267;242.8404979;186.8092448;317.7471906;56000000;61.5034667;91.2599028;73.25381337;65.42024893;37.40462241;102.8735953
57;238.2864911;298.8438697;262.1151402;246.2293741;190.0007127;321.9450506;57000000;62.14324554;92.42193487;74.05757009;66.11468706;38.00035635;103.9725253
58;241.5388327;303.1392027;265.6927159;249.5901271;193.1872634;326.1007002;58000000;62.76941633;93.56960134;74.84635797;66.79506355;38.59363169;105.0503501
59;244.764184;307.4059953;269.2406024;252.9229902;196.3689044;330.214564;59000000;63.38209201;94.70299765;75.62030121;67.46149508;39.18445221;106.107282
60;247.9627691;311.6444373;272.759046;256.2281948;199.5456434;334.287062;60000000;63.98138456;95.82221863;76.37952302;68.11409738;39.7728217;107.143531
61;251.1348101;315.8547169;276.2482911;259.5059704;202.7174879;338.3186102;61000000;64.56740505;96.92735845;77.12414556;68.75298522;40.35874393;108.1593051
62;254.2805272;320.0370214;279.70858;262.7565448;205.8844453;342.3096204;62000000;65.14026362;98.01851069;77.85428999;69.37827241;40.94222267;109.1548102
63;257.400139;324.1915365;283.1401529;265.9801436;209.0465234;346.2605002;63000000;65.7000695;99.09576827;78.57007645;69.99007182;41.5232617;110.1302501
64;260.493862;328.3184471;286.5432482;269.1769908;212.2037295;350.1716531;64000000;66.24693101;100.1592235;79.27162411;70.58849538;42.10186476;111.0858265
65;263.5619111;332.4179364;289.9181022;272.3473082;215.3560712;354.0434785;65000000;66.78095556;101.2089682;79.95905112;71.17365409;42.67803561;112.0217392
66;266.6044994;336.4901866;293.2649493;275.491316;218.503556;357.8763719;66000000;67.3022497;102.2450933;80.63247467;71.74565802;43.251778;112.938186
67;269.6218381;340.5353788;296.5840219;278.6092327;221.6461913;361.6707249;67000000;67.81091906;103.2676894;81.29201096;72.30461636;43.82309567;113.8353624
68;272.6141368;344.5536928;299.8755505;281.7012747;224.7839847;365.4269248;68000000;68.30706841;104.2768464;81.93777525;72.85063736;44.39199235;114.7134624
69;275.5816033;348.5453071;303.1397637;284.7676568;227.9169436;369.1453554;69000000;68.79080166;105.2726536;82.56988183;73.38382838;44.95847178;115.5726777
70;278.5244437;352.5103992;306.376888;287.8085918;231.0450754;372.8263964;70000000;69.26222184;106.2551996;83.18844402;73.9042959;45.52253768;116.4131982
71;281.4428623;356.4491452;309.5871485;290.824291;234.1683875;376.4704238;71000000;69.72143114;107.2245726;83.79357425;74.41214551;46.08419377;117.2352119
72;284.3370618;360.3617202;312.7707679;293.8149638;237.2868875;380.0778097;72000000;70.16853088;108.1808601;84.38538397;74.90748191;46.64344376;118.0389049
73;287.2072431;364.2482982;315.9279674;296.7808179;240.4005827;383.6489227;73000000;70.60362157;109.1241491;84.96398372;75.39040895;47.20029136;118.8244613
74;290.0536057;368.1090518;319.0589663;299.7220592;243.5094805;387.1841273;74000000;71.02680285;110.0545259;85.52948314;75.86102962;47.75474027;119.5920637
75;292.8763472;371.9441527;322.1639819;302.6388921;246.6135884;390.6837848;75000000;71.43817358;110.9720763;86.08199094;76.31944603;48.30679418;120.3418924
76;295.6756635;375.7537712;325.2432299;305.531519;249.7129136;394.1482526;76000000;71.83783175;111.8768856;86.62161493;76.76575948;48.85645679;121.0741263
77;298.4517491;379.5380768;328.296924;308.4001408;252.8074636;397.5778843;77000000;72.22587457;112.7690384;87.14846202;77.20007039;49.40373178;121.7889422
78;301.2047968;383.2972376;331.3252765;311.2449567;255.8972457;400.9730305;78000000;72.60239842;113.6486188;87.66263827;77.62247837;49.94862283;122.4865152
79;303.9349978;387.0314207;334.3284976;314.0661644;258.9822672;404.3340378;79000000;72.96749891;114.5157103;88.1642488;78.03308221;50.49113361;123.1670189
80;306.6425417;390.740792;337.3067958;316.8639597;262.0625356;407.6612494;80000000;73.32127083;115.370396;88.65339791;78.43197986;51.03126779;123.8306247
81;309.3276164;394.4255164;340.260378;319.6385369;265.1380581;410.9550053;81000000;73.66380819;116.2127582;89.13018901;78.81926847;51.56902903;124.4775026
82;311.9904085;398.0857577;343.1894493;322.3900887;268.208842;414.2156418;82000000;73.99520423;117.0428788;89.59472465;79.19504437;52.10442099;125.1078209
83;314.6311028;401.7216785;346.0942131;325.1188062;271.2748946;417.4434919;83000000;74.3155514;117.8608392;90.04710654;79.55940312;52.63744731;125.7217459
84;317.2498828;405.3334405;348.9748711;327.8248789;274.3362233;420.6388853;84000000;74.6249414;118.6667202;90.48743554;79.91243944;53.16811165;126.3194427
85;319.8469303;408.9212041;351.8316233;330.5084946;277.3928353;423.8021484;85000000;74.92346515;119.4606021;90.91581166;80.25424732;53.69641764;126.9010742
86;322.4224257;412.4851289;354.6646682;333.1698399;280.4447378;426.9336043;86000000;75.21121283;120.2425645;91.33233411;80.58491993;54.22236892;127.4668021
87;324.9765477;416.0253732;357.4742025;335.8090993;283.4919382;430.0335727;87000000;75.48827387;121.0126866;91.73710126;80.90454967;54.7459691;128.0167863
88;327.5094739;419.5420944;360.2604213;338.4264564;286.5344437;433.1023703;88000000;75.75473696;121.7710472;92.13021065;81.21322819;55.26722183;128.5511851
89;330.0213801;423.0354487;363.0235181;341.0220927;289.5722614;436.1403105;89000000;76.01069004;122.5177244;92.51175904;81.51104637;55.7861307;129.0701553
90;332.5124407;426.5055915;365.7636847;343.5961887;292.6053987;439.1477036;90000000;76.25622033;123.2527957;92.88184236;81.79809434;56.30269934;129.5738518
91;334.9828287;429.9526769;368.4811115;346.148923;295.6338627;442.1248568;91000000;76.49141433;123.9763385;93.24055576;82.07446148;56.81693135;130.0624284
92;337.4327156;433.3768582;371.1759872;348.6804728;298.6576607;445.0720741;92000000;76.71635782;124.6884291;93.5879936;82.34023641;57.32883033;130.536037
93;339.8622717;436.7782875;373.8484989;351.1910141;301.6767997;447.9896565;93000000;76.93113586;125.3891438;93.92424944;82.59550706;57.83839987;130.9948283
94;342.2716656;440.1571161;376.4988322;353.6807211;304.6912871;450.8779021;94000000;77.13583281;126.078558;94.24941609;82.84036057;58.34564356;131.438951
95;344.6610647;443.513494;379.1271711;356.1497668;307.70113;453.7371057;95000000;77.33053233;126.756747;94.56358557;83.07488342;58.85056499;131.8685529
96;347.0306348;446.8475706;381.7336983;358.5983226;310.7063355;456.5675595;96000000;77.5153174;127.4237853;94.86684914;83.29916131;59.35316774;132.2837797
97;349.3805406;450.1594938;384.3185946;361.0265586;313.7069107;459.3695525;97000000;77.69027028;128.0797469;95.1592973;83.51327929;59.85345537;132.6847762
98;351.7109451;453.4494111;386.8820396;363.4346433;316.7028629;462.1433708;98000000;77.85547256;128.7247055;95.44101982;83.71732165;60.35143145;133.0716854
99;354.0220104;456.7174684;389.4242114;365.822744;319.6941991;464.8892979;99000000;78.01100518;129.3587342;95.7121057;83.91137202;60.84709956;133.444649
100;356.3138967;459.9638112;391.9452864;368.1910266;322.6809265;467.6076141;100000000;78.15694837;129.9819056;95.97264321;84.09551332;61.34046323;133.8038071
101;358.5867634;463.1885837;394.4454398;370.5396555;325.663052;470.2985971;101000000;78.29338171;130.5942919;96.22271988;84.26982777;61.83152602;134.1492986
102;360.8407682;466.3919293;396.9248451;372.8687939;328.640583;472.9625217;102000000;78.42038412;131.1959646;96.46242254;84.43439693;62.32029149;134.4812609
103;363.0760677;469.5739902;399.3836745;375.1786033;331.6135263;475.59966;103000000;78.53803387;131.7869951;96.69183726;84.58930167;62.80676315;134.79983
104;365.2928172;472.7349079;401.8220989;377.4692444;334.5818891;478.2102814;104000000;78.64640858;132.3674539;96.91104943;84.7346222;63.29094456;135.1051407
105;367.4911704;475.8748229;404.2402874;379.7408761;337.5456785;480.7946524;105000000;78.7455852;132.9374114;97.12014372;84.87043804;63.77283924;135.3973262
106;369.6712802;478.9938748;406.6384082;381.9936562;340.5049014;483.353037;106000000;78.83564008;133.4969374;97.31920409;84.99682809;64.25245071;135.6765185
107;371.8332978;482.0922021;409.0166276;384.2277411;343.459565;485.8856966;107000000;78.91664892;134.0461011;97.50831381;85.11387055;64.72978249;135.9428483
108;373.9773735;485.1699427;411.3751109;386.443286;346.4096762;488.3928898;108000000;78.98868677;134.5849713;97.68755545;85.221643;65.2048381;136.1964449
109;376.1036562;488.2272332;413.7140218;388.6404447;349.3552421;490.8748726;109000000;79.0518281;135.1136166;97.85701091;85.32022237;65.67762103;136.4374363
110;378.2122935;491.2642095;416.0335228;390.8193699;352.2962696;493.3318986;110000000;79.10614673;135.6321048;98.01676141;85.40968496;66.1481348;136.6659493
111;380.3034318;494.2810067;418.3337749;392.9802128;355.2327658;495.7642186;111000000;79.15171588;136.1405034;98.16688747;85.49010641;66.61638289;136.8821093
112;382.3772163;497.2777588;420.6149379;395.1231235;358.1647376;498.1720813;112000000;79.18860816;136.6388794;98.30746897;85.56156176;67.0823688;137.0860406
113;384.4337911;500.254599;422.8771702;397.2482508;361.092192;500.5557323;113000000;79.21689557;137.1272995;98.43858512;85.62412542;67.54609602;137.2778662
114;386.473299;503.2116596;425.1206289;399.3557423;364.015136;502.9154153;114000000;79.23664952;137.6058298;98.56031447;85.67787117;68.00756802;137.4577076
115;388.4958817;506.1490721;427.3454698;401.4457444;366.9335765;505.2513712;115000000;79.24794084;138.074536;98.67273492;85.7228722;68.46678827;137.6256856
116;390.5016795;509.0669669;429.5518474;403.5184021;369.8475205;507.5638385;116000000;79.25083974;138.5334834;98.77592371;85.75920107;68.92376026;137.7819193
117;392.4908318;511.9654738;431.7399149;405.5738595;372.7569749;509.8530536;117000000;79.24541588;138.9827369;98.86995747;85.78692974;69.37848744;137.9265268
118;394.4634766;514.8447216;433.9098243;407.6122592;375.6619465;512.1192501;118000000;79.23173832;139.4223608;98.95491215;85.8061296;69.83097327;138.0596251
119;396.4197511;517.7048382;436.0617262;409.6337428;378.5624424;514.3626596;119000000;79.20987556;139.8524191;99.03086312;85.81687142;70.2812212;138.1813298
120;398.3597911;520.5459508;438.1957702;411.6384508;381.4584694;516.5835111;120000000;79.17989553;140.2729754;99.09788508;85.81922538;70.72923468;138.2917555
121;400.2837312;523.3681856;440.3121043;413.6265222;384.3500343;518.7820315;121000000;79.14186559;140.6840928;99.15605214;85.81326111;71.17501716;138.3910157
122;402.1917051;526.1716682;442.4108756;415.5980952;387.2371441;520.9584453;122000000;79.09585253;141.0858341;99.20543779;85.79904762;71.61857207;138.4792226
123;404.0838452;528.956523;444.4922298;417.5533068;390.1198057;523.1129748;123000000;79.04192262;141.4782615;99.24611488;85.77665338;72.05990284;138.5564874
124;405.9602831;531.7228738;446.5563114;419.4922925;392.9980258;525.2458402;124000000;78.98014155;141.8614369;99.27815571;85.74614627;72.49901291;138.6229201
125;407.821149;534.4708437;448.6032638;421.4151873;395.8718114;527.3572591;125000000;78.91057448;142.2354218;99.30163192;85.70759363;72.93590569;138.6786295
126;409.666572;537.2005546;450.6332292;423.3221244;398.7411692;529.4474473;126000000;78.83328601;142.6002773;99.31661461;85.66106221;73.37058459;138.7237236
127;411.4966805;539.9121281;452.6463485;425.2132365;401.6061061;531.5166182;127000000;78.74834023;142.956064;99.32317426;85.60661824;73.80305304;138.7583091
128;413.3116014;542.6056845;454.6427615;427.0886548;404.4666289;533.5649831;128000000;78.65580069;143.3028422;99.32138076;85.54432738;74.23331443;138.7824916
129;415.1114608;545.2813436;456.6226069;428.9485095;407.3227443;535.5927514;129000000;78.55573039;143.6406718;99.31130343;85.47425474;74.66137217;138.7963757
130;416.8963837;547.9392242;458.5860221;430.7929298;410.1744593;537.60013;130000000;78.44819185;143.9696121;99.29301103;85.39646491;75.08722964;138.800065
131;418.666494;550.5794447;460.5331435;432.6220439;413.0217805;539.587324;131000000;78.33324702;144.2897223;99.26657173;85.31102193;75.51089025;138.793662
132;420.4219148;553.2021221;462.4641062;434.4359786;415.8647148;541.5545364;132000000;78.21095738;144.6010611;99.23205312;85.2179893;75.93235738;138.7772682
133;422.1627678;555.8073733;464.3790446;436.23486;418.7032688;543.5019681;133000000;78.08138389;144.9036866;99.18952228;85.11743002;76.3516344;138.750984
134;423.8891739;558.3953138;466.2780913;438.0188131;421.5374494;545.4298179;134000000;77.94458697;145.1976569;99.13904567;85.00940654;76.76872469;138.714909
135;425.6012532;560.9660588;468.1613785;439.7879616;424.3672632;547.3382829;135000000;77.80062659;145.4830294;99.08068925;84.89398081;77.18363162;138.6691414
136;427.2991244;563.5197225;470.0290368;441.5424285;427.1927171;549.2275578;136000000;77.64956218;145.7598612;99.0145184;84.77121426;77.59635855;138.6137789
137;428.9829054;566.0564184;471.881196;443.2823356;430.0138177;551.0978357;137000000;77.49145271;146.0282092;98.94059798;84.6411678;78.00690885;138.5489178
138;430.6527133;568.5762592;473.7179846;445.0078037;432.8305717;552.9493075;138000000;77.32635663;146.2881296;98.85899229;84.50390186;78.41528585;138.4746538
139;432.3086639;571.079357;475.5395302;446.7189527;435.6429859;554.7821625;139000000;77.15433193;146.5396785;98.76976512;84.35947633;78.82149293;138.3910812
140;433.9508722;573.5658229;477.3459594;448.4159013;438.4510668;556.5965877;140000000;76.97543611;146.7829115;98.67297972;84.20795065;79.22553341;138.2982938
141;435.5794524;576.0357676;479.1373976;450.0987674;441.2548213;558.3927684;141000000;76.78972618;147.0178838;98.5686988;84.04938372;79.62741063;138.1963842
142;437.1945174;578.4893007;480.9139691;451.767668;444.0542559;560.1708883;142000000;76.59725869;147.2446503;98.45698456;83.88383399;80.02712794;138.0854441
143;438.7961795;580.9265313;482.6757974;453.4227188;446.8493773;561.9311287;143000000;76.39808973;147.4632656;98.33789871;83.71135939;80.42468865;137.9655644
144;440.3845498;583.3475677;484.4230048;455.0640348;449.6401922;563.6736696;144000000;76.19227491;147.6737839;98.2115024;83.53201741;80.82009609;137.8368348
145;441.9597388;585.7525176;486.1557126;456.6917301;452.4267072;565.3986889;145000000;75.97986938;147.8762588;98.07785632;83.34586503;81.21335358;137.6993445
146;443.5218557;588.1414879;487.8740412;458.3059175;455.2089288;567.1063628;146000000;75.76092783;148.0707439;97.93702062;83.15295876;81.60446442;137.5531814
147;445.071009;590.5145846;489.5781099;459.9067093;457.9868639;568.7968657;147000000;75.53550451;148.2572923;97.78905496;82.95335466;81.99343193;137.3984328
148;446.6073064;592.8719133;491.268037;461.4942166;460.7605188;570.4703702;148000000;75.3036532;148.4359566;97.63401852;82.74710831;82.38025941;137.2351851
149;448.1308545;595.2135787;492.9439399;463.0685497;463.5299003;572.1270473;149000000;75.06542725;148.6067894;97.47196997;82.53427483;82.76495016;137.0635236
150;449.6417591;597.539685;494.605935;464.6298178;466.2950149;573.7670661;150000000;74.82087956;148.7698425;97.30296751;82.31490888;83.14750746;136.8835331
151;451.1401252;599.8503354;496.2541377;466.1781294;469.0558692;575.3905943;151000000;74.57006259;148.9251677;97.12706885;82.08906468;83.52793461;136.6952971
152;452.6260567;602.1456328;497.8886624;467.713592;471.8124698;576.9977975;152000000;74.31302837;149.0728164;96.94433121;81.85679599;83.90623489;136.4988987
153;454.099657;604.4256791;499.5096227;469.2363122;474.5648231;578.58884;153000000;74.0498285;149.2128395;96.75481135;81.61815612;84.28241157;136.29442
154;455.5610283;606.6905756;501.1171311;470.7463959;477.3129359;580.1638842;154000000;73.78051413;149.3452878;96.55856555;81.37319794;84.65646793;136.0819421
155;457.0102721;608.940423;502.7112993;472.2439478;480.0568145;581.723091;155000000;73.50513603;149.4702115;96.35564963;81.1219739;85.02840723;135.8615455
156;458.447489;611.1753213;504.2922379;473.729072;482.7964655;583.2666197;156000000;73.22374449;149.5876607;96.14611894;80.86453598;85.39823273;135.6333099
157;459.8727789;613.3953699;505.8600568;475.2018715;485.5318954;584.7946279;157000000;72.93638944;149.6976849;95.93002838;80.60093575;85.7659477;135.397314
158;461.2862407;615.6006674;507.4148648;476.6624487;488.2631108;586.3072717;158000000;72.64312035;149.8003337;95.70743238;80.33122436;86.13155538;135.1536358
159;462.6879726;617.7913117;508.9567699;478.110905;490.990118;587.8047055;159000000;72.34398631;149.8956559;95.47838494;80.05545252;86.49505902;134.9023527
160;464.078072;619.9674004;510.4858792;479.547341;493.7129237;589.2870823;160000000;72.03903599;149.9837002;95.24293959;79.77367052;86.85646186;134.6435412
161;465.4566353;622.12903;512.0022988;480.9718565;496.4315343;590.7545535;161000000;71.72831765;150.064515;95.00114942;79.48592824;87.21576714;134.3772768
162;466.8237583;624.2762967;513.5061342;482.3845503;499.1459562;592.207269;162000000;71.41187917;150.1381484;94.75306709;79.19227514;87.57297809;134.1036345
163;468.179536;626.409296;514.9974896;483.7855206;501.8561959;593.6453772;163000000;71.08976801;150.204648;94.49874481;78.89276028;87.92809794;133.8226886
164;469.5240625;628.5281225;516.4764687;485.1748646;504.5622598;595.0690249;164000000;70.76203125;150.2640612;94.23823437;78.58743229;88.2811299;133.5345124
165;470.8574311;630.6328704;517.9431743;486.5526789;507.2641544;596.4783575;165000000;70.42871557;150.3164352;93.97158713;78.27633943;88.63207721;133.2391787
166;472.1797346;632.7236334;519.397708;487.919059;509.9618861;597.873519;166000000;70.08986728;150.3618167;93.69885401;77.95952952;88.98094306;132.9367595
167;473.4910646;634.8005044;520.840171;489.2741;512.6554613;599.2546518;167000000;69.74553228;150.4002522;93.42008551;77.63705002;89.32773066;132.6273259
168;474.7915122;636.8635756;522.2706634;490.617896;515.3448865;600.6218971;168000000;69.39575611;150.4317878;93.13533172;77.30894798;89.67244323;132.3109486
169;476.0811678;638.9129387;523.6892846;491.9505401;518.0301679;601.9753945;169000000;69.04058392;150.4564693;92.84464231;76.97527005;90.01508394;131.9876972
170;477.360121;640.9486848;525.0961331;493.272125;520.711312;603.3152822;170000000;68.68006049;150.4743424;92.54806654;76.63606251;90.355656;131.6576411
171;478.6284605;642.9709044;526.4913065;494.5827425;523.3883252;604.641697;171000000;68.31423024;150.4854522;92.24565326;76.29137125;90.6941626;131.3208485
172;479.8862744;644.9796875;527.8749018;495.8824835;526.0612138;605.9547744;172000000;67.94313719;150.4898437;91.93745092;75.94124177;91.03060691;130.9773872
173;481.1336501;646.9751231;529.2470151;497.1714384;528.7299842;607.2546486;173000000;67.56682504;150.4875616;91.62350754;75.58571921;91.36499212;130.6273243
174;482.3706741;648.9573001;530.6077416;498.4496966;531.3946428;608.5414523;174000000;67.18533707;150.4786501;91.30387078;75.22484831;91.69732139;130.2707262
175;483.5974325;650.9263066;531.9571758;499.7173469;534.0551958;609.8153169;175000000;66.79871626;150.4631533;90.97858789;74.85867347;92.02759789;129.9076585
176;484.8140104;652.8822299;533.2954114;500.9744774;536.7116496;611.0763726;176000000;66.4070052;150.441115;90.64770572;74.48723871;92.35582479;129.5381863
177;486.0204922;654.8251572;534.6225415;502.2211753;539.3640105;612.3247481;177000000;66.01024612;150.4125786;90.31127073;74.11058766;92.68200524;129.162374
178;487.2169618;656.7551747;535.938658;503.4575272;542.0122848;613.5605709;178000000;65.60848092;150.3775874;89.96932901;73.72876362;93.0061424;128.7802854
179;488.4035023;658.6723682;537.2438525;504.683619;544.6564788;614.7839673;179000000;65.20175115;150.3361841;89.62192626;73.34180952;93.32823942;128.3919836
180;489.580196;660.5768229;538.5382156;505.8995359;547.2965989;615.9950621;180000000;64.790098;150.2884115;89.2691078;72.94976793;93.64829943;127.9975311
181;490.7471247;662.4686235;539.8218371;507.1053622;549.9326512;617.1939792;181000000;64.37356233;150.2343118;88.91091856;72.55268108;93.96632558;127.5969896
182;491.9043693;664.3478541;541.0948063;508.3011816;552.564642;618.3808409;182000000;63.95218466;150.173927;88.54740313;72.15059082;94.28232101;127.1904204
183;493.0520104;666.2145981;542.3572114;509.4870774;555.1925777;619.5557685;183000000;63.52600518;150.107299;88.1786057;71.74353869;94.59628883;126.7778842
184;494.1901274;668.0689385;543.6091402;510.6631317;557.8164643;620.7188819;184000000;63.09506372;150.0344693;87.8045701;71.33156585;94.90823217;126.359441
185;495.3187996;669.9109578;544.8506796;511.8294263;560.4363083;621.8703;185000000;62.65939982;149.9554789;87.4253398;70.91471315;95.21815416;125.93515
186;496.4381053;671.7407378;546.0819158;512.9860422;563.0521158;623.0101404;186000000;62.21905266;149.8703689;87.04095792;70.49302108;95.5260579;125.5050702
187;497.5481222;673.5583598;547.3029344;514.1330596;565.663893;624.1385194;187000000;61.7740611;149.7791799;86.65146721;70.0665298;95.83194651;125.0692597
188;498.6489274;675.3639047;548.5138201;515.2705583;568.2716462;625.2555523;188000000;61.32446369;149.6819523;86.25691005;69.63527914;96.1358231;124.6277762
189;499.7405973;677.1574526;549.714657;516.3986172;570.8753815;626.3613533;189000000;60.87029864;149.5787263;85.85732851;69.1993086;96.43769075;124.1806766
190;500.8232078;678.9390833;550.9055285;517.5173147;573.4751051;627.4560352;190000000;60.41160388;149.4695416;85.45276427;68.75865734;96.73755257;123.7280176
191;501.896834;680.7088759;552.0865174;518.6267284;576.0708233;628.5397098;191000000;59.94841698;149.354438;85.04325868;68.31336421;97.03541165;123.2698549
192;502.9615504;682.4669092;553.2577055;519.7269355;578.6625421;629.6124879;192000000;59.48077522;149.2334546;84.62885274;67.86346773;97.33127107;122.806244
193;504.0174312;684.2132613;554.4191743;520.8180122;581.2502678;630.674479;193000000;59.00871558;149.1066306;84.20958714;67.4090061;97.62513391;122.3372395
194;505.0645494;685.9480097;555.5710044;521.9000344;583.8340065;631.7257915;194000000;58.53227472;148.9740049;83.78550219;66.95001721;97.91700326;121.8628958
195;506.102978;687.6712316;556.7132758;522.9730773;586.4137643;632.7665329;195000000;58.05148899;148.8356158;83.35663789;66.48653863;98.20688217;121.3832665
196;507.1327889;689.3830036;557.8460678;524.0372152;588.9895474;633.7968094;196000000;57.56639446;148.6915018;82.9230339;66.01860761;98.49477372;120.8984047
197;508.1540537;691.0834017;558.9694591;525.0925222;591.561362;634.8167263;197000000;57.07702687;148.5417008;82.48472956;65.54626111;98.78068098;120.4083631
198;509.1668434;692.7725015;560.0835277;526.1390715;594.129214;635.8263877;198000000;56.5834217;148.3862508;82.04176387;65.06953576;99.06460699;119.9131939
199;510.1712282;694.4503781;561.188351;527.1769358;596.6931096;636.8258968;199000000;56.08561411;148.2251891;81.59417552;64.58846791;99.34655481;119.4129484
200;511.1672779;696.1171061;562.2840057;528.2061872;599.253055;637.8153555;200000000;55.58363896;148.058553;81.14200286;64.1030936;99.62652749;118.9076778
201;512.1550617;697.7727595;563.3705679;529.2268971;601.8090561;638.7948651;201000000;55.07753086;147.8863797;80.68528394;63.61344856;99.90452807;118.3974326
202;513.1346482;699.4174119;564.448113;530.2391365;604.3611192;639.7645255;202000000;54.56732409;147.708706;80.2240565;63.11956823;100.1805596;117.8822628
203;514.1061053;701.0511364;565.5167159;531.2429755;606.9092502;640.7244358;203000000;54.05305267;147.5255682;79.75835793;62.62148776;100.4546251;117.3622179
204;515.0695007;702.6740057;566.5764507;532.238484;609.4534551;641.674694;204000000;53.53475033;147.3370029;79.28822536;62.11924201;100.7267276;116.837347
205;516.024901;704.2860918;567.6273911;533.2257311;611.9937402;642.6153971;205000000;53.01245052;147.1430459;78.81369557;61.61286554;100.9968701;116.3076986
206;516.9723728;705.8874665;568.6696101;534.2047853;614.5301113;643.5466413;206000000;52.48618642;146.9437332;78.33480506;61.10239263;101.2650557;115.7733207
207;517.9119818;707.4782008;569.70318;535.1757146;617.0625746;644.4685217;207000000;51.95599092;146.7391004;77.85159001;60.58785729;101.5312873;115.2342608
208;518.8437933;709.0583655;570.7281726;536.1385864;619.591136;645.3811323;208000000;51.42189665;146.5291827;77.36408632;60.06929321;101.795568;114.6905662
209;519.7678719;710.6280307;571.7446591;537.0934677;622.1158015;646.2845665;209000000;50.88393597;146.3140154;76.87232957;59.54673384;102.0579008;114.1422832
210;520.6842819;712.1872664;572.7527101;538.0404246;624.6365773;647.1789164;210000000;50.34214096;146.0936332;76.37635505;59.02021232;102.3182886;113.5894582
211;521.5930869;713.7361417;573.7523956;538.9795231;627.1534691;648.0642735;211000000;49.79654343;145.8680709;75.87619778;58.48976155;102.5767346;113.0321367
212;522.4943499;715.2747255;574.7437849;539.9108283;629.6664831;648.9407281;212000000;49.24717496;145.6373628;75.37189246;57.95541413;102.8332416;112.4703641
213;523.3881337;716.8030863;575.726947;540.8344048;632.1756253;649.8083698;213000000;48.69406683;145.4015431;74.86347351;57.41720239;103.0878126;111.9041849
214;524.2745001;718.3212918;576.7019502;541.7503168;634.6809014;650.6672872;214000000;48.13725007;145.1606459;74.35097508;56.87515841;103.3404507;111.3336436
215;525.1535109;719.8294096;577.668862;542.658628;637.1823177;651.517568;215000000;47.57675546;144.9147048;73.83443101;56.32931398;103.5911588;110.758784
216;526.0252271;721.3275068;578.6277498;543.5594013;639.6798799;652.359299;216000000;47.01261353;144.6637534;73.31387488;55.77970065;103.8399399;110.1796495
217;526.8897091;722.8156498;579.57868;544.4526994;642.173594;653.1925663;217000000;46.44485454;144.4078249;72.78933999;55.22634969;104.086797;109.5962832
218;527.747017;724.2939049;580.5217187;545.3385842;644.663466;654.0174549;218000000;45.8735085;144.1469525;72.26085936;54.66929212;104.331733;109.0087275
219;528.5972104;725.7623378;581.4569314;546.2171174;647.1495017;654.8340491;219000000;45.2986052;143.8811689;71.72846572;54.10855871;104.5747509;108.4170245
220;529.4403483;727.2210136;582.3843831;547.0883599;649.6317071;655.6424322;220000000;44.72017414;143.6105068;71.19219155;53.54417994;104.8158536;107.8212161
221;530.2764892;728.6699973;583.3041381;547.9523722;652.1100881;656.442687;221000000;44.1382446;143.3349987;70.65206906;52.97618609;105.0550441;107.2213435
222;531.1056912;730.1093532;584.2162604;548.8092143;654.5846506;657.2348949;222000000;43.55284562;143.0546766;70.10813018;52.40460714;105.2923253;106.6174475
223;531.928012;731.5391454;585.1208132;549.6589457;657.0554004;658.0191371;223000000;42.96400598;142.7695727;69.56040658;51.82947285;105.5277002;106.0095685
224;532.7435085;732.9594372;586.0178593;550.5016255;659.5223434;658.7954935;224000000;42.37175425;142.4797186;69.00892967;51.25081273;105.7611717;105.3977468
225;533.5522375;734.370292;586.9074612;551.3373121;661.9854856;659.5640436;225000000;41.77611873;142.185146;68.45373061;50.66865603;105.9927428;104.7820218
226;534.354255;735.7717724;587.7896805;552.1660635;664.4448327;660.3248657;226000000;41.17712751;141.8858862;67.89484026;50.08303176;106.2224163;104.1624328
227;535.1496169;737.1639406;588.6645786;552.9879374;666.9003906;661.0780376;227000000;40.57480844;141.5819703;67.33228928;49.49396872;106.4501953;103.5390188
228;535.9383783;738.5468585;589.5322161;553.8029909;669.3521651;661.8236361;228000000;39.96918913;141.2734293;66.76610804;48.90149543;106.6760825;102.9118181
229;536.7205939;739.9205877;590.3926533;554.6112804;671.8001621;662.5617376;229000000;39.36029696;140.9602939;66.19632666;48.3056402;106.900081;102.2808688
230;537.4963182;741.2851892;591.24595;555.4128622;674.2443873;663.2924173;230000000;38.74815911;140.6425946;65.62297502;47.70643108;107.1221937;101.6462086
231;538.265605;742.6407235;592.0921655;556.2077919;676.6848467;664.0157498;231000000;38.13280251;140.3203618;65.04608276;47.10389593;107.3424234;101.0078749
232;539.0285077;743.987251;592.9313585;556.9961246;679.121546;664.7318091;232000000;37.51425386;139.9936255;64.46567924;46.49806232;107.560773;100.3659046
233;539.7850793;745.3248316;593.7635872;557.7779153;681.5544909;665.4406683;233000000;36.89253965;139.6624158;63.88179362;45.88895765;107.7772455;99.72033414
234;540.5353723;746.6535245;594.5889096;558.5532181;683.9836874;666.1423997;234000000;36.26768617;139.3267623;63.29445479;45.27660904;107.9918437;99.07119987
235;541.2794389;747.973389;595.4073828;559.3220869;686.4091411;666.8370751;235000000;35.63971945;138.9866945;62.7036914;44.66104344;108.2045705;98.41853756
236;542.0173307;749.2844837;596.2190638;560.084575;688.8308578;667.5247654;236000000;35.00866534;138.6422418;62.10953188;44.04228752;108.4154289;97.76238271
237;542.7490989;750.5868668;597.0240088;560.8407355;691.2488432;668.2055408;237000000;34.37454946;138.2934334;61.5120044;43.42036777;108.6244216;97.10277042
238;543.4747944;751.8805962;597.8222739;561.5906209;693.6631032;668.8794709;238000000;33.7373972;137.9402981;60.91113693;42.79531045;108.8315516;96.43973547
239;544.1944676;753.1657294;598.6139143;562.3342832;696.0736435;669.5466245;239000000;33.09723379;137.5828647;60.30695717;42.16714158;109.0368218;95.77331226
240;544.9081684;754.4423236;599.3989852;563.071774;698.4804698;670.2070698;240000000;32.45408419;137.2211618;59.69949261;41.535887;109.2402349;95.10353488
241;545.6159464;755.7104355;600.177541;563.8031446;700.8835878;670.8608741;241000000;31.8079732;136.8552177;59.08877052;40.90157231;109.4417939;94.43043703
242;546.3178508;756.9701214;600.9496358;564.5284458;703.2830032;671.5081042;242000000;31.15892538;136.4850607;58.47481792;40.2642229;109.6415016;93.75405212
243;547.0139302;758.2214373;601.7153233;565.2477279;705.6787217;672.1488264;243000000;30.50696512;136.1107187;57.85766163;39.62386396;109.8393609;93.0744132
244;547.7042331;759.4644389;602.4746565;565.9610409;708.0707491;672.7831059;244000000;29.85211657;135.7322194;57.23732823;38.98052046;110.0353745;92.39155297
245;548.3888074;760.6991813;603.2276882;566.6684344;710.459091;673.4110077;245000000;29.19440372;135.3495907;56.61384409;38.33421718;110.2295455;91.70550385
246;549.0677006;761.9257195;603.9744707;567.3699573;712.8437531;674.0325958;246000000;28.53385032;134.9628598;55.98723535;37.68497867;110.4218765;91.01629788
247;549.7409599;763.144108;604.7150559;568.0656586;715.2247411;674.6479336;247000000;27.87047996;134.572054;55.35752795;37.03282929;110.6123705;90.32396682
248;550.408632;764.3544009;605.4494952;568.7555864;717.6020606;675.2570842;248000000;27.204316;134.1772005;54.7247476;36.3777932;110.8010303;89.62854208
249;551.0707633;765.556652;606.1778396;569.4397887;719.9757172;675.8601095;249000000;26.53538164;133.778326;54.0889198;35.71989436;110.9878586;88.93005477
250;551.7273997;766.7509148;606.9001397;570.118313;722.3457167;676.4570714;250000000;25.86369986;133.3754574;53.45006985;35.05915652;111.1728584;88.2285357
251;552.3785869;767.9372423;607.6164456;570.7912065;724.7120647;677.0480307;251000000;25.18929346;132.9686212;52.80822281;34.39560325;111.3560323;87.52401534
252;553.0243701;769.1156873;608.3268071;571.4585158;727.0747667;677.6330477;252000000;24.51218506;132.5578436;52.16340357;33.7292579;111.5373834;86.81652387
253;553.6647942;770.2863021;609.0312736;572.1202873;729.4338284;678.2121823;253000000;23.83239708;132.143151;51.51563678;33.06014365;111.7169142;86.10609117
254;554.2999035;771.4491387;609.7298938;572.7765669;731.7892555;678.7854936;254000000;23.14995174;131.7245694;50.86494692;32.38828347;111.8946278;85.39274681
255;554.9297422;772.6042489;610.4227165;573.4274003;734.1410535;679.3530401;255000000;22.46487112;131.3021244;50.21135823;31.71370016;112.0705267;84.67652007
256;555.5543541;773.7516839;611.1097896;574.0728326;736.4892279;679.9148799;256000000;21.77717707;130.875842;49.55489478;31.03641631;112.244614;83.95743993
257;556.1737826;774.8914949;611.7911608;574.7129087;738.8337845;680.4710702;257000000;21.08689129;130.4457474;48.89558042;30.35645433;112.4168922;83.23553508
258;556.7880706;776.0237324;612.4668776;575.3476729;741.1747287;681.0216679;258000000;20.39403528;130.0118662;48.23343881;29.67383646;112.5873643;82.51083394
259;557.3972607;777.1484467;613.1369868;575.9771694;743.5120661;681.5667292;259000000;19.69863037;129.5742233;47.5684934;28.98858472;112.7560331;81.7833646
260;558.0013954;778.2656878;613.801535;576.6014419;745.8458023;682.1063098;260000000;19.00069771;129.1328439;46.90076748;28.30072097;112.9229012;81.05315492
261;558.6005166;779.3755055;614.4605682;577.2205338;748.1759429;682.6404649;261000000;18.30025829;128.6877528;46.23028412;27.6102669;113.0879714;80.32023244
262;559.1946658;780.477949;615.1141324;577.834488;750.5024933;683.1692489;262000000;17.5973329;128.2389745;45.55706619;26.917244;113.2512466;79.58462444
263;559.7838844;781.5730673;615.7622728;578.4433472;752.8254591;683.6927158;263000000;16.89194218;127.7865337;44.88113639;26.22167358;113.4127295;78.84635792
264;560.3682131;782.6609091;616.4050345;579.0471536;755.1448458;684.2109192;264000000;16.18410657;127.3304546;44.20251723;25.5235768;113.5724229;78.10545962
265;560.9476928;783.7415228;617.0424621;579.6459492;757.460659;684.723912;265000000;15.47384639;126.8707614;43.52123103;24.8229746;113.7303295;77.361956
266;561.5223635;784.8149563;617.6745998;580.2397756;759.7729041;685.2317465;266000000;14.76118173;126.4074781;42.83729991;24.11988779;113.8864521;76.61587326
267;562.0922651;785.8812574;618.3014917;580.828674;762.0815867;685.7344747;267000000;14.04613257;125.9406287;42.15074583;23.41433699;114.0407934;75.86723733
268;562.6574374;786.9404734;618.9231811;581.4126853;764.3867122;686.2321478;268000000;13.32871868;125.4702367;41.46159055;22.70634264;114.1933561;75.11607388
269;563.2179194;787.9926515;619.5397113;581.99185;766.6882861;686.7248167;269000000;12.60895969;124.9963258;40.76985566;21.99592502;114.3441431;74.36240833
270;563.7737501;789.0378384;620.1511251;582.5662085;768.9863139;687.2125317;270000000;11.88687507;124.5189192;40.07556257;21.28310424;114.493157;73.60626584
271;564.3249682;790.0760806;620.757465;583.1358005;771.280801;687.6953426;271000000;11.1624841;124.0380403;39.37873251;20.56790024;114.6404005;72.84767131
272;564.8716119;791.1074242;621.3587731;583.7006656;773.571753;688.1732988;272000000;10.43580594;123.5537121;38.67938653;19.8503328;114.7858765;72.08664939
273;565.4137191;792.131915;621.955091;584.2608431;775.8591752;688.646449;273000000;9.706859556;123.0659575;37.97754551;19.13042154;114.9295876;71.32322451
274;565.9513276;793.1495986;622.5464603;584.8163718;778.1430731;689.1148416;274000000;8.97566378;122.5747993;37.27323016;18.40818591;115.0715365;70.55742081
275;566.4844746;794.1605203;623.132922;585.3672904;780.4234521;689.5785245;275000000;8.242237276;122.0802601;36.566461;17.68364519;115.211726;69.78926223
276;567.0131971;795.1647248;623.7145168;585.913637;782.7003176;690.0375449;276000000;7.506598557;121.5823624;35.85725841;16.95681851;115.3501588;69.01877243
277;567.537532;796.1622569;624.2912852;586.4554497;784.9736751;690.4919497;277000000;6.768765981;121.0811285;35.14564258;16.22772485;115.4868375;68.24597486
278;568.0575155;797.153161;624.8632671;586.992766;787.2435299;690.9417854;278000000;6.028757754;120.5765805;34.43163353;15.49638301;115.621765;67.47089272
279;568.5731839;798.1374809;625.4305023;587.5256233;789.5098875;691.387098;279000000;5.286591932;120.0687405;33.71525113;14.76281166;115.7549438;66.69354899
280;569.0845728;799.1152606;625.9930301;588.0540586;791.7727533;691.8279328;280000000;4.542286419;119.5576303;32.99651506;14.0270293;115.8863766;65.9139664
281;569.5917179;800.0865434;626.5508897;588.5781085;794.0321326;692.2643349;281000000;3.795858972;119.0432717;32.27544487;13.28905427;116.0160663;65.13216747
282;570.0946544;801.0513725;627.1041198;589.0978096;796.2880307;692.696349;282000000;3.047327201;118.5256863;31.55205992;12.54890478;116.1440154;64.34817449
283;570.5934171;802.0097908;627.6527589;589.6131977;798.5404532;693.124019;283000000;2.296708569;118.0048954;30.82637943;11.80659886;116.2702266;63.56200951
284;571.0880408;802.961841;628.1968449;590.1243088;800.7894052;693.5473888;284000000;1.544020394;117.4809205;30.09842243;11.06215441;116.3947026;62.77369438
285;571.5785597;803.9075652;628.7364157;590.6311784;803.0348922;693.9665014;285000000;0.78927985;116.9537826;29.36820784;10.31558918;116.5174461;61.98325071
286;572.0650079;804.8470056;629.2715087;591.1338415;805.2769195;694.3813998;286000000;0.03250397;116.4235028;28.63575437;9.566920771;116.6384597;61.19069991
287;572.5474193;805.7802038;629.8021612;591.6323333;807.5154924;694.7921263;287000000;-0.726290356;115.8901019;27.90108061;8.816166635;116.7577462;60.39606317
288;573.0258272;806.7072015;630.32841;592.1266882;809.7506163;695.1987229;288000000;-1.487086377;115.3536007;27.16420499;8.063344079;116.8753081;59.59936145
289;573.500265;807.6280397;630.8502915;592.6169405;811.9822964;695.6012311;289000000;-2.249867482;114.8140198;26.42514577;7.308470271;116.9911482;58.80061554
290;573.9707656;808.5427594;631.3678422;593.1031245;814.2105381;695.9996919;290000000;-3.014617197;114.2713797;25.68392108;6.551562232;117.1052691;57.99984597
291;574.4373616;809.4514012;631.8810978;593.5852737;816.4353467;696.3941462;291000000;-3.781319185;113.7257006;24.9405489;5.792636844;117.2176734;57.1970731
292;574.9000855;810.3540056;632.3900941;594.0634217;818.6567275;696.7846341;292000000;-4.549957246;113.1770028;24.19504703;5.031710848;117.3283637;56.39231707
293;575.3589694;811.2506127;632.8948663;594.5376017;820.8746857;697.1711956;293000000;-5.320515311;112.6253063;23.44743316;4.268800847;117.4373428;55.58559782
294;575.8140451;812.1412622;633.3954496;595.0078466;823.0892265;697.5538702;294000000;-6.092977448;112.0706311;22.69772481;3.503923306;117.5446133;54.7769351
295;576.2653443;813.0259938;633.8918787;595.4741891;825.3003554;697.9326969;295000000;-6.867327855;111.5129969;21.94593936;2.737094552;117.6501777;53.96634844
296;576.7128983;813.9048469;634.3841881;595.9366616;827.5080775;698.3077144;296000000;-7.643550862;110.9524234;21.19209405;1.968330778;117.7540388;53.15385719
297;577.1567381;814.7778603;634.872412;596.3952961;829.7123981;698.678961;297000000;-8.421630929;110.3889302;20.43620598;1.197648042;117.8561991;52.3394805
298;577.5968947;815.6450731;635.3565842;596.8501245;831.9133225;699.0464747;298000000;-9.201552644;109.8225366;19.67829209;0.42506227;117.9566612;51.52323733
299;578.0333986;816.5065237;635.8367384;597.3011785;834.1108557;699.4102929;299000000;-9.983300725;109.2532618;18.9183692;-0.349410747;118.0554279;50.70514645
300;578.46628;817.3622504;636.312908;597.7484893;836.3050032;699.7704529;300000000;-10.76686001;108.6811252;18.15645399;-1.125755346;118.1525016;49.88522644
301;578.895569;818.2122912;636.7851259;598.192088;838.4957701;700.1269914;301000000;-11.55221548;108.1061456;17.39256297;-1.903955996;118.247885;49.06349568
302;579.3212956;819.0566839;637.2534251;598.6320054;840.6831615;700.4799448;302000000;-12.33935222;107.5283419;16.62671256;-2.683997294;118.3415808;48.23997239
303;579.7434891;819.895466;637.717838;599.0682721;842.8671828;700.8293492;303000000;-13.12825545;106.947733;15.858919;-3.465863964;118.4335914;47.4146746
304;580.162179;820.7286749;638.1783969;599.5009183;845.0478391;701.1752403;304000000;-13.91891051;106.3643374;15.08919844;-4.24954086;118.5239195;46.58762013
305;580.5773943;821.5563475;638.6351337;599.9299741;847.2251356;701.5176533;305000000;-14.71130286;105.7781737;14.31756685;-5.035012957;118.6125678;45.75882667
306;580.9891638;822.3785206;639.0880802;600.3554693;849.3990774;701.8566234;306000000;-15.50541809;105.1892603;13.5440401;-5.822265359;118.6995387;44.92831168
307;581.3975162;823.1952309;639.5372678;600.7774334;851.5696697;702.192185;307000000;-16.3012419;104.5976154;12.76863392;-6.61128329;118.7848349;44.0960925
308;581.8024798;824.0065145;639.9827278;601.1958958;853.7369178;702.5243725;308000000;-17.0987601;104.0032572;11.99136389;-7.402052101;118.8684589;43.26218624
309;582.2040827;824.8124075;640.424491;601.6108855;855.9008267;702.8532197;309000000;-17.89795864;103.4062037;11.2122455;-8.194557259;118.9504133;42.42660987
310;582.6023529;825.6129458;640.8625881;602.0224313;858.0614016;703.1787604;310000000;-18.69882357;102.8064729;10.43129407;-8.988784357;119.0307008;41.58938019
311;582.9973179;826.4081649;641.2970496;602.4305618;860.2186476;703.5010277;311000000;-19.50134107;102.2040824;9.648524824;-9.784719104;119.1093238;40.75051383
312;583.3890052;827.1981002;641.7279057;602.8353053;862.3725699;703.8200545;312000000;-20.30549742;101.5990501;8.863952843;-10.58234733;119.1862849;39.91002723
313;583.777442;827.9827867;642.1551862;603.23669;864.5231735;704.1358734;313000000;-21.11127901;100.9913934;8.077593088;-11.38165498;119.2615868;39.06793669
314;584.1626553;828.7622594;642.5789208;603.6347438;866.6704636;704.4485167;314000000;-21.91867237;100.3811297;7.289460395;-12.18262811;119.3352318;38.22425834
315;584.5446718;829.5365529;642.999139;604.0294942;868.8144454;704.7580163;315000000;-22.72766411;99.76827647;6.499569478;-12.98525291;119.4072227;37.37900815
316;584.923518;830.3057017;643.4158699;604.4209687;870.9551238;705.0644038;316000000;-23.53824098;99.15285083;5.707934926;-13.78951567;119.4775619;36.53220191
317;585.2992204;831.0697398;643.8291424;604.8091944;873.092504;705.3677106;317000000;-24.35038981;98.53486989;4.914571211;-14.5954028;119.546252;35.68385528
318;585.6718049;831.8287013;644.2389854;605.1941984;875.226591;705.6679675;318000000;-25.16409756;97.91435063;4.119492682;-15.40290081;119.6132955;34.83398374
319;586.0412974;832.5826198;644.6454271;605.5760073;877.35739;705.9652053;319000000;-25.9793513;97.2913099;3.322713569;-16.21199634;119.678695;33.98260264
320;586.4077236;833.331529;645.048496;605.9546477;879.484906;706.2594543;320000000;-26.7961382;96.66576448;2.524247985;-17.02267613;119.742453;33.12972713
321;586.771109;834.075462;645.4482199;606.3301459;881.6091441;706.5507445;321000000;-27.61444552;96.03773099;1.724109927;-17.83492704;119.8045721;32.27537227
322;587.1314787;834.814452;645.8446265;606.702528;883.7301093;706.8391058;322000000;-28.43426066;95.40722598;0.922313273;-18.64873602;119.8650546;31.41955291
323;587.4888578;835.5485317;646.2377436;607.0718197;885.8478066;707.1245676;323000000;-29.2555711;94.77426586;0.118871787;-19.46409014;119.9239033;30.56228378
324;587.8432711;836.2777339;646.6275982;607.4380468;887.9622411;707.4071589;324000000;-30.07836444;94.13886694;-0.686200881;-20.28097658;119.9811206;29.70357947
325;588.1947433;837.0020909;647.0142176;607.8012347;890.0734179;707.6869088;325000000;-30.90262836;93.50104543;-1.492891193;-21.09938263;120.0367089;28.8434544
326;588.5432987;837.7216349;647.3976285;608.1614086;892.1813418;707.9638457;326000000;-31.72835066;92.86081744;-2.301185726;-21.91929568;120.0906709;27.98192286
327;588.8889615;838.4363979;647.7778577;608.5185936;894.2860181;708.237998;327000000;-32.55551924;92.21819893;-3.111071166;-22.74070322;120.143009;27.11899899
328;589.2317558;839.1464116;648.1549314;608.8728143;896.3874515;708.5093936;328000000;-33.3841221;91.57320581;-3.922534312;-23.56359284;120.1937258;26.25469679
329;589.5717053;839.8517077;648.5288759;609.2240955;898.4856472;708.7780603;329000000;-34.21414734;90.92585385;-4.735562069;-24.38795225;120.2428236;25.38903013
330;589.9088337;840.5523174;648.8997171;609.5724615;900.5806102;709.0440254;330000000;-35.04558314;90.27615872;-5.550141455;-25.21376924;120.2903051;24.52201271
331;590.2431644;841.248272;649.2674808;609.9179365;902.6723454;709.3073163;331000000;-35.87841781;89.624136;-6.366259592;-26.04103174;120.3361727;23.65365813
332;590.5747205;841.9396023;649.6321926;610.2605445;904.7608577;709.5679596;332000000;-36.71263974;88.96980114;-7.183903711;-26.86972773;120.3804289;22.78397982
333;590.9035252;842.626339;649.9938777;610.6003094;906.8461522;709.8259822;333000000;-37.54823741;88.31316951;-8.003061148;-27.69984532;120.4230761;21.91299111
334;591.2296012;843.3085127;650.3525613;610.9372546;908.9282339;710.0814103;334000000;-38.3851994;87.65425637;-8.823719344;-28.53137272;120.4641169;21.04070516
335;591.5529712;843.9861538;650.7082683;611.2714036;911.0071076;710.33427;335000000;-39.22351441;86.99307688;-9.645865846;-29.36429822;120.5035538;20.16713502
336;591.8736576;844.6592922;651.0610234;611.6027796;913.0827782;710.5845872;336000000;-40.06317118;86.3296461;-10.4694883;-30.19861022;120.5413891;19.2922936
337;592.1916828;845.327958;651.4108511;611.9314056;915.1552509;710.8323874;337000000;-40.9041586;85.66397899;-11.29457446;-31.03429722;120.5776254;18.41619369
338;592.5070688;845.9921808;651.7577756;612.2573044;917.2245304;711.0776959;338000000;-41.74646562;84.9960904;-12.12111218;-31.87134781;120.6122652;17.53884793
339;592.8198374;846.6519902;652.1018212;612.5804987;919.2906217;711.3205377;339000000;-42.59008129;84.3259951;-12.94908942;-32.70975066;120.6453108;16.66026887
340;593.1300105;847.3074155;652.4430116;612.9010109;921.3535297;711.5609378;340000000;-43.43499474;83.65370776;-13.77849422;-33.54949456;120.6767648;15.78046889
341;593.4376096;847.9584859;652.7813705;613.2188632;923.4132593;711.7989205;341000000;-44.28119521;82.97924293;-14.60931473;-34.39056839;120.7066296;14.89946027
342;593.742656;848.6052302;653.1169216;613.5340778;925.4698154;712.0345104;342000000;-45.12867202;82.30261508;-15.44153922;-35.23296109;120.7349077;14.01725518
343;594.0451708;849.2476772;653.4496879;613.8466765;927.5232029;712.2677313;343000000;-45.97741458;81.62383859;-16.27515603;-36.07666173;120.7616014;13.13386563
344;594.3451753;849.8858555;653.7796928;614.1566811;929.5734266;712.4986071;344000000;-46.82741237;80.94292773;-17.11015361;-36.92165945;120.7867133;12.24930354
345;594.64269;850.5197934;654.106959;614.464113;931.6204915;712.7271614;345000000;-47.67865499;80.25989668;-17.94652049;-37.76794349;120.8102458;11.36358069
346;594.9377358;851.1495191;654.4315094;614.7689936;933.6644025;712.9534175;346000000;-48.53113211;79.57475954;-18.78424532;-38.61550318;120.8322012;10.47670877
347;595.2303331;851.7750606;654.7533664;615.0713442;935.7051643;713.1773986;347000000;-49.38483347;78.88753029;-19.62331682;-39.46432792;120.8525821;9.588699324
348;595.5205022;852.3964457;655.0725524;615.3711856;937.7427818;713.3991276;348000000;-50.23974892;78.19822284;-20.46372381;-40.31440722;120.8713909;8.699563788
349;595.8082632;853.013702;655.3890895;615.6685387;939.7772599;713.618627;349000000;-51.09586839;77.506851;-21.30545523;-41.16573067;120.88863;7.809313487
350;596.0936362;853.6268569;655.7029999;615.9634241;941.8086034;713.8359193;350000000;-51.95318188;76.81342847;-22.14850007;-42.01828794;120.9043017;6.917959631
351;596.376641;854.2359378;656.0143051;616.2558624;943.8368172;714.0510266;351000000;-52.81167948;76.1179689;-22.99284743;-42.8720688;120.9184086;6.025513316
352;596.6572973;854.8409716;656.323027;616.5458738;945.861906;714.2639711;352000000;-53.67135137;75.4204858;-23.83848651;-43.72706308;120.930953;5.131985526
353;596.9356244;855.4419853;656.6291868;616.8334785;947.8838746;714.4747743;353000000;-54.53218781;74.72099264;-24.68540659;-44.58326073;120.9419373;4.237387137
354;597.2116418;856.0390055;656.9328059;617.1186965;949.902728;714.6834578;354000000;-55.39417912;74.01950276;-25.53359703;-45.44065175;120.951364;3.341728913
355;597.4853686;856.6320589;657.2339054;617.4015475;951.9184708;714.890043;355000000;-56.25731572;73.31602943;-26.38304729;-46.29922624;120.9592354;2.445021512
356;597.7568238;857.2211717;657.5325062;617.6820512;953.931108;715.094551;356000000;-57.12158811;72.61058583;-27.23374692;-47.15897438;120.965554;1.547275482
357;598.0260263;857.8063701;657.8286289;617.9602271;955.9406441;715.2970025;357000000;-57.98698687;71.90318506;-28.08568555;-48.01988643;120.9703221;0.648501268
358;598.2929947;858.3876802;658.1222942;618.2360945;957.9470842;715.4974184;358000000;-58.85350264;71.19384011;-28.9388529;-48.88195273;120.9735421;-0.251290791
359;598.5577477;858.9651278;658.4135224;618.5096726;959.9504328;715.6958191;359000000;-59.72112616;70.4825639;-29.79323878;-49.7451637;120.9752164;-1.152090462
360;598.8203035;859.5387385;658.7023339;618.7809803;961.9506948;715.8922248;360000000;-60.58984823;69.76936927;-30.64883306;-50.60950984;120.9753474;-2.053887613
361;599.0806805;860.1085379;658.9887486;619.0500365;963.9478749;716.0866556;361000000;-61.45965974;69.05426896;-31.50562572;-51.47498173;120.9739374;-2.956672213
362;599.3388967;860.6745513;659.2727864;619.3168599;965.9419779;716.2791313;362000000;-62.33055165;68.33727564;-32.36360681;-52.34157004;120.9709889;-3.860434333
363;599.59497;861.2368038;659.554467;619.581469;967.9330085;716.4696717;363000000;-63.20251499;67.61840189;-33.22276648;-53.20926548;120.9665042;-4.765164145
364;599.8489183;861.7953204;659.8338101;619.8438822;969.9209714;716.6582962;364000000;-64.07554086;66.89766019;-34.08309495;-54.07805889;120.9604857;-5.670851919
365;600.1007591;862.3501259;660.110835;620.1041177;971.9058714;716.845024;365000000;-64.94962046;66.17506296;-34.9445825;-54.94794114;120.9529357;-6.57748802
366;600.3505099;862.9012451;660.3855609;620.3621936;973.8877133;717.0298742;366000000;-65.82474503;65.45062253;-35.80721953;-55.8189032;120.9438566;-7.485062915
367;600.5981882;863.4487023;660.658007;620.6181278;975.8665016;717.2128657;367000000;-66.70090591;64.72435115;-36.6709965;-56.6909361;120.9332508;-8.393567163
368;600.843811;863.992522;660.9281921;620.8719381;977.8422411;717.3940172;368000000;-67.57809449;63.99626098;-37.53590394;-57.56403097;120.9211206;-9.302991419
369;601.0873955;864.5327282;661.1961351;621.123642;979.8149366;717.5733471;369000000;-68.45630225;63.26636411;-38.40193247;-58.43817899;120.9074683;-10.21332643
370;601.3289585;865.0693451;661.4618544;621.3732572;981.7845926;717.7508739;370000000;-69.33552073;62.53467253;-39.2690728;-59.31337142;120.8922963;-11.12456305
371;601.5685169;865.6023964;661.7253686;621.6208008;983.751214;717.9266156;371000000;-70.21574153;61.80119819;-40.13731569;-60.18959958;120.875607;-12.03669219
372;601.8060873;866.1319058;661.986696;621.8662902;985.7148053;718.1005902;372000000;-71.09695635;61.06595291;-41.00665199;-61.0668549;120.8574026;-12.9497049
373;602.0416861;866.657897;662.2458547;622.1097423;987.6753712;718.2728154;373000000;-71.97915694;60.32894848;-41.87707263;-61.94512883;120.8376856;-13.86359228
374;602.2753298;867.1803931;662.5028628;622.3511741;989.6329164;718.4433089;374000000;-72.8623351;59.59019657;-42.74856861;-62.82441294;120.8164582;-14.77834554
375;602.5070345;867.6994176;662.757738;622.5906023;991.5874455;718.612088;375000000;-73.74648274;58.8497088;-43.62113101;-63.70469883;120.7937228;-15.69395598
376;602.7368164;868.2149934;663.010498;622.8280436;993.5389632;718.7791701;376000000;-74.6315918;58.10749671;-44.49475098;-64.58597819;120.7694816;-16.61041497
377;602.9646914;868.7271435;663.2611605;623.0635144;995.4874742;718.944572;377000000;-75.51765431;57.36357174;-45.36941974;-65.46824278;120.7437371;-17.52771398
378;603.1906753;869.2358906;663.5097428;623.2970312;997.432983;719.1083109;378000000;-76.40466235;56.61794529;-46.24512858;-66.35148442;120.7164915;-18.44584456
379;603.4147838;869.7412573;663.7562622;623.52861;999.3754943;719.2704033;379000000;-77.29260808;55.87062865;-47.12186888;-67.23569501;120.6877472;-19.36479836
380;603.6370326;870.2432661;664.0007358;623.758267;1001.315013;719.4308658;380000000;-78.18148371;55.12163305;-47.99963208;-68.1208665;120.6575064;-20.2845671
381;603.8574369;870.7419393;664.2431806;623.9860182;1003.251543;719.5897148;381000000;-79.07128153;54.37096967;-48.87840968;-69.00699091;120.6257714;-21.20514258
382;604.0760122;871.2372991;664.4836134;624.2118793;1005.185089;719.7469666;382000000;-79.96199389;53.61864956;-49.75819328;-69.89406035;120.5925446;-22.12651668
383;604.2927736;871.7293675;664.722051;624.4358661;1007.115657;719.9026372;383000000;-80.85361319;52.86468375;-50.63897451;-70.78206697;120.5578283;-23.04868139
384;604.5077362;872.2181663;664.9585098;624.657994;1009.04325;720.0567425;384000000;-81.74613192;52.10908316;-51.52074511;-71.67100298;120.5216248;-23.97162874
385;604.7209148;872.7037173;665.1930063;624.8782786;1010.967872;720.2092982;385000000;-82.6395426;51.35185867;-52.40349686;-72.56086068;120.4839362;-24.89535088
386;604.9323243;873.1860421;665.4255568;625.0967352;1012.88953;720.36032;386000000;-83.53383783;50.59302105;-53.28722161;-73.45163242;120.444765;-25.81984001
387;605.1419794;873.6651621;665.6561774;625.3133788;1014.808227;720.5098232;387000000;-84.42901028;49.83258104;-54.1719113;-74.34331062;120.4041135;-26.74508841
388;605.3498947;874.1410985;665.8848842;625.5282245;1016.723968;720.6578231;388000000;-85.32505266;49.07054926;-55.05755792;-75.23588774;120.3619838;-27.67108845
389;605.5560845;874.6138726;666.111693;625.7412873;1018.636757;720.8043348;389000000;-86.22195775;48.30693631;-55.94415352;-76.12935634;120.3183783;-28.59783258
390;605.7605632;875.0835054;666.3366195;625.952582;1020.546598;720.9493734;390000000;-87.1197184;47.54175269;-56.83169024;-77.02370901;120.2732992;-29.52531332
391;605.963345;875.5500177;666.5596795;626.1621232;1022.453498;721.0929535;391000000;-88.0183275;46.77500883;-57.72016025;-77.91893841;120.2267489;-30.45352324
392;606.164444;876.0134302;666.7808884;626.3699254;1024.357459;721.2350899;392000000;-88.91777801;46.0067151;-58.60955582;-78.81503728;120.1787296;-31.38245504
393;606.3638741;876.4737636;667.0002615;626.5760032;1026.258487;721.3757971;393000000;-89.81806296;45.23688181;-59.49986926;-79.71199839;120.1292435;-32.31210143
394;606.5616492;876.9310383;667.2178141;626.7803708;1028.156586;721.5150895;394000000;-90.71917541;44.46551917;-60.39109295;-80.60981459;120.0782929;-33.24245525
395;606.757783;877.3852747;667.4335613;626.9830424;1030.05176;721.6529813;395000000;-91.6211085;43.69263735;-61.28321935;-81.50847879;120.0258801;-34.17350937
396;606.9522892;877.8364929;667.6475181;627.1840321;1031.944015;721.7894865;396000000;-92.52385542;42.91824644;-62.17624097;-82.40798394;119.9720073;-35.10525676
397;607.1451812;878.284713;667.8596993;627.3833539;1033.833353;721.9246191;397000000;-93.42740942;42.14235648;-63.07015036;-83.30832307;119.9166767;-36.03769044
398;607.3364724;878.7299548;668.0701197;627.5810215;1035.719781;722.058393;398000000;-94.33176379;41.36497742;-63.96494017;-84.20948925;119.8598907;-36.97080352
399;607.5261762;879.1722383;668.2787938;627.7770487;1037.603303;722.1908217;399000000;-95.2369119;40.58611915;-64.86060309;-85.11147563;119.8016515;-37.90458916
400;607.7143057;879.611583;668.4857363;627.9714492;1039.483922;722.3219188;400000000;-96.14284715;39.80579151;-65.75713187;-86.01427539;119.7419612;-38.83904059
401;607.900874;880.0480085;668.6909614;628.1642364;1041.361644;722.4516977;401000000;-97.04956302;39.02400426;-66.65451932;-86.91788179;119.6808222;-39.77415113
402;608.0858939;880.4815342;668.8944833;628.3554237;1043.236473;722.5801717;402000000;-97.95705303;38.2407671;-67.55275833;-87.82228813;119.6182366;-40.70991415
403;608.2693785;880.9121793;669.0963163;628.5450244;1045.108413;722.7073538;403000000;-98.86531075;37.45608966;-68.45184183;-88.72748778;119.5542067;-41.64632308
404;608.4513404;881.339963;669.2964744;628.7330517;1046.97747;722.8332571;404000000;-99.77432982;36.6699815;-69.3517628;-89.63347414;119.4887348;-42.58337143
405;608.6317922;881.7649043;669.4949714;628.9195186;1048.843646;722.9578944;405000000;-100.6841039;35.88245215;-70.2525143;-90.5402407;119.421823;-43.52105278
406;608.8107465;882.1870221;669.6918211;629.104438;1050.706947;723.0812785;406000000;-101.5946268;35.09351103;-71.15408943;-91.44778098;119.3534735;-44.45936075
407;608.9882157;882.6063351;669.8870373;629.2878229;1052.567377;723.2034219;407000000;-102.5058921;34.30316754;-72.05648136;-92.35608855;119.2836886;-45.39828905
408;609.1642122;883.022862;670.0806334;629.4696859;1054.424941;723.3243371;408000000;-103.4178939;33.51143098;-72.95968331;-93.26515705;119.2124705;-46.33783143
409;609.3387481;883.4366212;670.2726229;629.6500397;1056.279643;723.4440365;409000000;-104.330626;32.71831062;-73.86368856;-94.17498016;119.1398214;-47.27798173
410;609.5118356;883.8476313;670.4630191;629.8288967;1058.131487;723.5625323;410000000;-105.2440822;31.92381565;-74.76849044;-95.08555163;119.0657435;-48.21873384
411;609.6834866;884.2559104;670.6518353;630.0062695;1059.980478;723.6798366;411000000;-106.1582567;31.1279552;-75.67408234;-95.99686523;118.990239;-49.16008169
412;609.8537132;884.6614767;670.8390846;630.1821704;1061.82662;723.7959614;412000000;-107.0731434;30.33073835;-76.58045771;-96.90891482;118.9133101;-50.1020193
413;610.0225272;885.0643482;671.0247799;630.3566114;1063.669918;723.9109185;413000000;-107.9887364;29.5321741;-77.48761005;-97.82169429;118.8349589;-51.04454073
414;610.1899402;885.4645428;671.2089342;630.5296049;1065.510376;724.0247197;414000000;-108.9050299;28.73227142;-78.39553289;-98.73519757;118.7551878;-51.98764013
415;610.3559639;885.8620784;671.3915603;630.7011627;1067.347998;724.1373766;415000000;-109.8220181;27.93103919;-79.30421986;-99.64941866;118.6739988;-52.93131168
416;610.5206098;886.2569725;671.5726708;630.8712968;1069.182788;724.2489008;416000000;-110.7396951;27.12848625;-80.21366461;-100.5643516;118.5913942;-53.87554961
417;610.6838894;886.6492428;671.7522783;631.040019;1071.014752;724.3593035;417000000;-111.6580553;26.32462138;-81.12386085;-101.4799905;118.5073761;-54.82034825
418;610.8458139;887.0389066;671.9303953;631.207341;1072.843894;724.4685961;418000000;-112.577093;25.51945329;-82.03480235;-102.3963295;118.4219468;-55.76570195
419;611.0063947;887.4259813;672.1070342;631.3732745;1074.670217;724.5767897;419000000;-113.4968027;24.71299063;-82.94648292;-103.3133627;118.3351083;-56.71160513
420;611.1656429;887.810484;672.2822072;631.537831;1076.493726;724.6838955;420000000;-114.4171786;23.90524202;-83.85889642;-104.2310845;118.2468629;-57.65805226
421;611.3235695;888.192432;672.4559264;631.7010218;1078.314425;724.7899242;421000000;-115.3382153;23.096216;-84.77203678;-105.1494891;118.1572127;-58.60503788
422;611.4801855;888.5718421;672.6282041;631.8628584;1080.13232;724.8948869;422000000;-116.2599072;22.28592105;-85.68589796;-106.0685708;118.0661599;-59.55255656
423;611.6355019;888.9487312;672.799052;632.0233519;1081.947413;724.9987941;423000000;-117.1822491;21.47436561;-86.60047398;-106.988324;117.9737067;-60.50060296
424;611.7895293;889.3231161;672.9684822;632.1825136;1083.75971;725.1016565;424000000;-118.1052354;20.66155804;-87.51575891;-107.9087432;117.8798551;-61.44917177
425;611.9422784;889.6950134;673.1365063;632.3403544;1085.569215;725.2034846;425000000;-119.0288608;19.84750668;-88.43174687;-108.8298228;117.7846075;-62.39825772
426;612.09376;890.0644396;673.303136;632.4968853;1087.375932;725.3042888;426000000;-119.95312;19.03221979;-89.34843201;-109.7515573;117.6879658;-63.34785562
427;612.2439844;890.4314111;673.4683829;632.6521172;1089.179865;725.4040793;427000000;-120.8780078;18.21570557;-90.26580857;-110.6739414;117.5899323;-64.29796033
428;612.3929622;890.7959444;673.6322584;632.8060609;1090.981018;725.5028665;428000000;-121.8035189;17.39797218;-91.18387079;-111.5969695;117.4905092;-65.24856675
429;612.5407037;891.1580554;673.794774;632.9587271;1092.779397;725.6006604;429000000;-122.7296482;16.57902772;-92.10261299;-112.5206364;117.3896984;-66.19966982
430;612.6872191;891.5177605;673.955941;633.1101264;1094.575005;725.6974709;430000000;-123.6563905;15.75888023;-93.02202952;-113.4449368;117.2875023;-67.15126457
431;612.8325186;891.8750754;674.1157704;633.2602692;1096.367846;725.7933079;431000000;-124.5837407;14.93753772;-93.94211479;-114.3698654;117.1839229;-68.10334604
432;612.9766123;892.2300162;674.2742735;633.409166;1098.157925;725.8881813;432000000;-125.5116939;14.11500812;-94.86286325;-115.295417;117.0789623;-69.05590934
433;613.1195102;892.5825986;674.4314612;633.5568272;1099.945245;725.9821007;433000000;-126.4402449;13.29129932;-95.7842694;-116.2215864;116.9726227;-70.00894963
434;613.2612222;892.9328383;674.5873445;633.703263;1101.729813;726.0750758;434000000;-127.3693889;12.46641915;-96.70632777;-117.1483685;116.8649063;-70.9624621
435;613.4017583;893.2807508;674.7419341;633.8484835;1103.51163;726.167116;435000000;-128.2991209;11.6403754;-97.62903296;-118.0757582;116.755815;-71.91644202
436;613.541128;893.6263516;674.8952408;633.9924989;1105.290702;726.2582306;436000000;-129.229436;10.8131758;-98.5523796;-119.0037505;116.6453511;-72.87088468
437;613.6793412;893.9696561;675.0472753;634.1353192;1107.067033;726.3484291;437000000;-130.1603294;9.984828033;-99.47636235;-119.9323404;116.5335167;-73.82578543
438;613.8164073;894.3106794;675.1980481;634.2769543;1108.840628;726.4377207;438000000;-131.0917963;9.155339719;-100.400976;-120.8615229;116.4203138;-74.78113966
439;613.952336;894.6494369;675.3475697;634.4174139;1110.611489;726.5261144;439000000;-132.023832;8.324718441;-101.3262152;-121.791293;116.3057446;-75.73694281
440;614.0871367;894.9859435;675.4958504;634.5567079;1112.379622;726.6136193;440000000;-132.9564316;7.492971728;-102.2520748;-122.721646;116.1898112;-76.69319037
441;614.2208187;895.3202141;675.6429006;634.694846;1114.145031;726.7002443;441000000;-133.8895906;6.660107056;-103.1785497;-123.652577;116.0725157;-77.64987787
442;614.3533913;895.6522637;675.7887305;634.8318377;1115.90772;726.7859982;442000000;-134.8233043;5.826131855;-104.1056348;-124.5840811;115.9538601;-78.60700088
443;614.4848638;895.982107;675.9333501;634.9676926;1117.667693;726.8708899;443000000;-135.7575681;4.991053503;-105.0333249;-125.5161537;115.8338467;-79.56455504
444;614.6152451;896.3097587;676.0767697;635.10242;1119.424955;726.954928;444000000;-136.6923774;4.15487933;-105.9616152;-126.44879;115.7124774;-80.52253599
445;614.7445445;896.6352332;676.218999;635.2360293;1121.179509;727.0381211;445000000;-137.6277277;3.317616618;-106.8905005;-127.3819853;115.5897544;-81.48093945
446;614.8727709;896.9585452;676.360048;635.3685299;1122.931359;727.1204776;446000000;-138.5636146;2.479272599;-107.819976;-128.315735;115.4656797;-82.43976118
447;614.9999331;897.2797089;676.4999264;635.4999309;1124.680511;727.2020061;447000000;-139.5000334;1.639854457;-108.7500368;-129.2500345;115.3402555;-83.39899696
448;615.1260401;897.5987387;676.6386441;635.6302414;1126.426968;727.2827147;448000000;-140.4369799;0.799369331;-109.6806779;-130.1848793;115.2134838;-84.35864264
449;615.2511005;897.9156486;676.7762106;635.7594706;1128.170733;727.3626118;449000000;-141.3744497;-0.042175691;-110.6118947;-131.1202647;115.0853666;-85.31869408
450;615.3751231;898.2304529;676.9126355;635.8876273;1129.911812;727.4417056;450000000;-142.3124384;-0.884773567;-111.5436823;-132.0561864;114.9559061;-86.27914722
451;615.4981165;898.5431654;677.0479282;636.0147204;1131.650209;727.520004;451000000;-143.2509417;-1.728417299;-112.4760359;-132.9926398;114.8251044;-87.239998
452;615.6200892;898.8538001;677.1820981;636.1407589;1133.385927;727.5975151;452000000;-144.1899554;-2.57309994;-113.4089509;-133.9296206;114.6929634;-88.20124245
453;615.7410497;899.1623708;677.3151547;636.2657513;1135.118971;727.6742468;453000000;-145.1294752;-3.418814586;-114.3424227;-134.8671243;114.5594853;-89.16287658
454;615.8610064;899.4688912;677.447107;636.3897066;1136.849344;727.750207;454000000;-146.0694968;-4.265554381;-115.2764465;-135.8051467;114.4246722;-90.12489649
455;615.9799675;899.773375;677.5779643;636.5126331;1138.577052;727.8254034;455000000;-147.0100162;-5.113312511;-116.2110179;-136.7436834;114.288526;-91.0872983
456;616.0979415;900.0758356;677.7077356;636.6345395;1140.302098;727.8998437;456000000;-147.9510293;-5.962082212;-117.1461322;-137.6827302;114.1510488;-92.05007817
457;616.2149364;900.3762865;677.83643;636.7554343;1142.024485;727.9735354;457000000;-148.8925318;-6.811856762;-118.081785;-138.6222829;114.0122427;-93.0132323
458;616.3309604;900.674741;677.9640564;636.8753258;1143.744219;728.0464862;458000000;-149.8345198;-7.662629483;-119.0179718;-139.5623371;113.8721097;-93.97675691
459;616.4460216;900.9712125;678.0906237;636.9942223;1145.461304;728.1187034;459000000;-150.7769892;-8.514393745;-119.9546881;-140.5028889;113.7306519;-94.94064829
460;616.5601279;901.2657141;678.2161407;637.1121321;1147.175743;728.1901945;460000000;-151.7199361;-9.367142958;-120.8919297;-141.4439339;113.5878714;-95.90490276
461;616.6732872;901.5582588;678.340616;637.2290635;1148.88754;728.2609667;461000000;-152.6633564;-10.22087058;-121.829692;-142.3854683;113.44377;-96.86951665
462;616.7855075;901.8488598;678.4640583;637.3450245;1150.5967;728.3310273;462000000;-153.6072462;-11.0755701;-122.7679709;-143.3274878;113.29835;-97.83448636
463;616.8967965;902.1375298;678.5864762;637.4600231;1152.303227;728.4003834;463000000;-154.5516017;-11.93123508;-123.7067619;-144.2699885;113.1516133;-98.7998083
464;617.007162;902.4242818;678.7078782;637.5740674;1154.007124;728.4690421;464000000;-155.496419;-12.78785908;-124.6460609;-145.2129663;113.0035619;-99.76547894
465;617.1166116;902.7091285;678.8282727;637.6871653;1155.708396;728.5370105;465000000;-156.4416942;-13.64543575;-125.5858636;-146.1564174;112.8541979;-100.7314948
466;617.2251528;902.9920825;678.9476681;637.7993246;1157.407047;728.6042954;466000000;-157.3874236;-14.50395875;-126.5261659;-147.1003377;112.7035233;-101.6978523
467;617.3327934;903.2731564;679.0660727;637.9105531;1159.10308;728.6709037;467000000;-158.3336033;-15.36342179;-127.4669637;-148.0447234;112.5515401;-102.6645481
468;617.4395406;903.5523627;679.1834947;638.0208586;1160.796501;728.7368423;468000000;-159.2802297;-16.22381863;-128.4082527;-148.9895707;112.3982504;-103.6315788
469;617.545402;903.8297139;679.2999422;638.1302487;1162.487312;728.8021179;469000000;-160.227299;-17.08514306;-129.3500289;-149.9348756;112.243656;-104.5989411
470;617.6503848;904.1052222;679.4154233;638.238731;1164.175518;728.8667371;470000000;-161.1748076;-17.94738892;-130.2922883;-150.8806345;112.0877592;-105.5666315
471;617.7544965;904.3788998;679.5299461;638.346313;1165.861124;728.9307065;471000000;-162.1227518;-18.81055009;-131.2350269;-151.8268435;111.9305618;-106.5346467
472;617.8577441;904.650759;679.6435186;638.4530023;1167.544132;728.9940327;472000000;-163.0711279;-19.67462048;-132.1782407;-152.7734989;111.7720659;-107.5029836
473;617.960135;904.9208119;679.7561485;638.5588061;1169.224547;729.0567222;473000000;-164.0199325;-20.53959406;-133.1219258;-153.7205969;111.6122734;-108.4716389
474;618.0616761;905.1890704;679.8678437;638.663732;1170.902373;729.1187813;474000000;-164.969162;-21.40546481;-134.0660781;-154.668134;111.4511864;-109.4406093
475;618.1623746;905.4555464;679.978612;638.767787;1172.577614;729.1802164;475000000;-165.9188127;-22.27222679;-135.010694;-155.6161065;111.2888068;-110.4098918
476;618.2622373;905.7202519;680.0884611;638.8709786;1174.250273;729.2410337;476000000;-166.8688813;-23.13987407;-135.9557695;-156.5645107;111.1251367;-111.3794831
477;618.3612714;905.9831985;680.1973986;638.9733138;1175.920356;729.3012396;477000000;-167.8193643;-24.00840076;-136.9013007;-157.5133431;110.960178;-112.3493802
478;618.4594836;906.2443979;680.305432;639.0747997;1177.587866;729.36084;478000000;-168.7702582;-24.87780103;-137.847284;-158.4626001;110.7939328;-113.31958
479;618.5568808;906.5038619;680.4125689;639.1754435;1179.252806;729.4198411;479000000;-169.7215596;-25.74806907;-138.7937156;-159.4122783;110.626403;-114.2900794
480;618.6534697;906.7616018;680.5188167;639.275252;1180.915181;729.478249;480000000;-170.6732652;-26.61919911;-139.7405917;-160.362374;110.4575905;-115.2608755
481;618.749257;907.0176292;680.6241827;639.3742323;1182.574995;729.5360696;481000000;-171.6253715;-27.49118542;-140.6879086;-161.3128839;110.2874974;-116.2319652
482;618.8442495;907.2719554;680.7286744;639.4723911;1184.232251;729.5933087;482000000;-172.5778753;-28.36402232;-141.6356628;-162.2638044;110.1161257;-117.2033456
483;618.9384536;907.5245917;680.8322989;639.5697353;1185.886954;729.6499723;483000000;-173.5307732;-29.23770416;-142.5838505;-163.2151323;109.9434772;-118.1750138
484;619.0318759;907.7755494;680.9350635;639.6662718;1187.539108;729.7060662;484000000;-174.484062;-30.11222531;-143.5324683;-164.1668641;109.769554;-119.1469669
485;619.124523;908.0248396;681.0369753;639.7620071;1189.188716;729.761596;485000000;-175.4377385;-30.98758021;-144.4815124;-165.1189965;109.5943581;-120.119202
486;619.2164012;908.2724734;681.1380413;639.8569479;1190.835783;729.8165675;486000000;-176.3917994;-31.86376332;-145.4309794;-166.0715261;109.4178913;-121.0917163
487;619.3075169;908.5184618;681.2382686;639.9511008;1192.480311;729.8709862;487000000;-177.3462416;-32.74076912;-146.3808657;-167.0244496;109.2401557;-122.0645069
488;619.3978765;908.7628157;681.3376641;640.0444724;1194.122306;729.9248577;488000000;-178.3010618;-33.61859216;-147.3311679;-167.9777638;109.0611532;-123.0375712
489;619.4874862;909.005546;681.4362348;640.1370691;1195.761772;729.9781875;489000000;-179.2562569;-34.497227;-148.2818826;-168.9314655;108.8808858;-124.0109062
490;619.5763523;909.2466635;681.5339875;640.2288974;1197.398711;730.0309811;490000000;-180.2118239;-35.37666825;-149.2330062;-169.8855513;108.6993553;-124.9845094
491;619.6644809;909.4861789;681.630929;640.3199636;1199.033128;730.0832438;491000000;-181.1677596;-36.25691056;-150.1845355;-170.8400182;108.5165639;-125.9583781
492;619.7518781;909.7241028;681.727066;640.4102741;1200.665027;730.1349811;492000000;-182.1240609;-37.13794859;-151.136467;-171.794863;108.3325133;-126.9325095
493;619.8385501;909.9604459;681.8224051;640.4998351;1202.294411;730.1861981;493000000;-183.0807249;-38.01977707;-152.0887974;-172.7500824;108.1472055;-127.906901
494;619.9245028;910.1952185;681.9169531;640.5886529;1203.921285;730.2369;494000000;-184.0377486;-38.90239073;-153.0415234;-173.7056735;107.9606426;-128.88155
495;620.0097422;910.4284313;682.0107164;640.6767336;1205.545653;730.2870922;495000000;-184.9951289;-39.78578437;-153.9946418;-174.6616332;107.7728263;-129.8564539
496;620.0942743;910.6600944;682.1037017;640.7640834;1207.167517;730.3367797;496000000;-185.9528629;-40.6699528;-154.9481492;-175.6179583;107.5837587;-130.8316101
497;620.1781048;910.8902183;682.1959153;640.8507083;1208.786883;730.3859676;497000000;-186.9109476;-41.55489087;-155.9020424;-176.5746459;107.3934417;-131.8070162
498;620.2612396;911.1188131;682.2873636;640.9366143;1210.403754;730.4346608;498000000;-187.8693802;-42.44059347;-156.8563182;-177.5316929;107.2018771;-132.7826696
499;620.3436845;911.345889;682.378053;641.0218074;1212.018134;730.4828645;499000000;-188.8281577;-43.32705551;-157.8109735;-178.4890963;107.009067;-133.7585678
500;620.4254453;911.5714561;682.4679898;641.1062935;1213.630026;730.5305835;500000000;-189.7872774;-44.21427196;-158.7660051;-179.4468533;106.8150132;-134.7347083
501;620.5065275;911.7955244;682.5571803;641.1900784;1215.239435;730.5778226;501000000;-190.7467362;-45.1022378;-159.7214099;-180.4049608;106.6197176;-135.7110887
502;620.5869369;912.0181039;682.6456305;641.2731681;1216.846364;730.6245867;502000000;-191.7065316;-45.99094805;-160.6771847;-181.363416;106.4231822;-136.6877066
503;620.6666789;912.2392045;682.7333468;641.3555682;1218.450818;730.6708806;503000000;-192.6666605;-46.88039776;-161.6333266;-182.3222159;106.2254089;-137.6645597
504;620.7457592;912.4588359;682.8203351;641.4372845;1220.052799;730.716709;504000000;-193.6271204;-47.77058203;-162.5898324;-183.2813577;106.0263996;-138.6416455
505;620.8241833;912.6770081;682.9066016;641.5183227;1221.652312;730.7620766;505000000;-194.5879084;-48.66149596;-163.5466992;-184.2408386;105.8261561;-139.6189617
506;620.9019565;912.8937306;682.9921521;641.5986884;1223.249361;730.8069881;506000000;-195.5490218;-49.55313472;-164.5039239;-185.2006558;105.6246805;-140.596506
507;620.9790843;913.109013;683.0769927;641.6783871;1224.843949;730.8514479;507000000;-196.5104579;-50.44549348;-165.4615036;-186.1608065;105.4219745;-141.5742761
508;621.055572;913.3228651;683.1611292;641.7574244;1226.43608;730.8954607;508000000;-197.472214;-51.33856746;-166.4194354;-187.1212878;105.2180401;-142.5522697
509;621.131425;913.5352962;683.2445675;641.8358059;1228.025758;730.9390309;509000000;-198.4342875;-52.23235191;-167.3777162;-188.0820971;105.0128792;-143.5304846
510;621.2066485;913.7463158;683.3273134;641.9135368;1229.612987;730.982163;510000000;-199.3966757;-53.12684211;-168.3363433;-189.0432316;104.8064936;-144.5089185
511;621.2812478;913.9559333;683.4093726;641.9906227;1231.197771;731.0248614;511000000;-200.3593761;-54.02203337;-169.2953137;-190.0046886;104.5988853;-145.4875693
512;621.355228;914.1641579;683.4907508;642.0670689;1232.780112;731.0671304;512000000;-201.322386;-54.91792103;-170.2546246;-190.9664656;104.3900561;-146.4664348
513;621.4285942;914.3709991;683.5714536;642.1428807;1234.360016;731.1089745;513000000;-202.2857029;-55.81450047;-171.2142732;-191.9285597;104.180008;-147.4455128
514;621.5013516;914.5764658;683.6514868;642.2180633;1235.937485;731.1503978;514000000;-203.2493242;-56.71176708;-172.1742566;-192.8909683;103.9687427;-148.4248011
515;621.5735052;914.7805674;683.7308557;642.292622;1237.512524;731.1914045;515000000;-204.2132474;-57.6097163;-173.1345721;-193.853689;103.7562622;-149.4042977
516;621.64506;914.9833128;683.809566;642.366562;1239.085137;731.231999;516000000;-205.17747;-58.5083436;-174.095217;-194.816719;103.5425683;-150.3840005
517;621.716021;915.1847111;683.8876231;642.4398884;1240.655326;731.2721852;517000000;-206.1419895;-59.40764447;-175.0561884;-195.7800558;103.327663;-151.3639074
518;621.7863931;915.3847711;683.9650325;642.5126062;1242.223096;731.3119674;518000000;-207.1068034;-60.30761444;-176.0174838;-196.7436969;103.111548;-152.3440163
519;621.8561813;915.5835019;684.0417994;642.5847206;1243.788451;731.3513496;519000000;-208.0719094;-61.20824905;-176.9791003;-197.7076397;102.8942253;-153.3243252
520;621.9253902;915.7809122;684.1179293;642.6562366;1245.351393;731.3903357;520000000;-209.0373049;-62.10954389;-177.9410354;-198.6718817;102.6756967;-154.3048321
521;621.9940249;915.9770108;684.1934273;642.727159;1246.911928;731.4289299;521000000;-210.0029876;-63.01149459;-178.9032863;-199.6364205;102.455964;-155.2855351
522;622.0620899;916.1718065;684.2682989;642.7974929;1248.470058;731.467136;522000000;-210.968955;-63.91409677;-179.8658506;-200.6012535;102.2350292;-156.266432
523;622.1295901;916.3653078;684.3425491;642.8672431;1250.025788;731.5049579;523000000;-211.9352049;-64.8173461;-180.8287254;-201.5663784;102.012894;-157.2475211
524;622.1965301;916.5575234;684.4161831;642.9364145;1251.579121;731.5423995;524000000;-212.9017349;-65.7212383;-181.7919084;-202.5317928;101.7895603;-158.2288003
525;622.2629146;916.7484618;684.4892061;643.0050118;1253.13006;731.5794646;525000000;-213.8685427;-66.62576909;-182.7553969;-203.4974941;101.56503;-159.2102677
526;622.3287483;916.9381316;684.5616231;643.0730399;1254.67861;731.616157;526000000;-214.8356259;-67.53093422;-183.7191885;-204.4634801;101.3393049;-160.1919215
527;622.3940355;917.126541;684.6334391;643.1405034;1256.224774;731.6524805;527000000;-215.8029822;-68.43672948;-184.6832805;-205.4297483;101.1123868;-161.1737598
528;622.458781;917.3136986;684.7046591;643.207407;1257.768555;731.6884387;528000000;-216.7706095;-69.34315068;-185.6476704;-206.3962965;100.8842777;-162.1557807
529;622.5229892;917.4996127;684.7752881;643.2737555;1259.309958;731.7240353;529000000;-217.7385054;-70.25019367;-186.6123559;-207.3631223;100.6549792;-163.1379823
530;622.5866645;917.6842914;684.845331;643.3395533;1260.848987;731.7592741;530000000;-218.7066677;-71.1578543;-187.5773345;-208.3302233;100.4244933;-164.120363
531;622.6498114;917.867743;684.9147926;643.4048051;1262.385644;731.7941585;531000000;-219.6750943;-72.06612849;-188.5426037;-209.2975974;100.1928218;-165.1029208
532;622.7124343;918.0499757;684.9836777;643.4695154;1263.919933;731.8286921;532000000;-220.6437829;-72.97501215;-189.5081611;-210.2652423;99.95996652;-166.085654
533;622.7745375;918.2309975;685.0519912;643.5336887;1265.451858;731.8628785;533000000;-221.6127313;-73.88450123;-190.4740044;-211.2331556;99.72592925;-167.0685608
534;622.8361253;918.4108166;685.1197378;643.5973294;1266.981424;731.8967211;534000000;-222.5819374;-74.79459171;-191.4401311;-212.2013353;99.49071183;-168.0516394
535;622.897202;918.5894408;685.1869222;643.660442;1268.508632;731.9302235;535000000;-223.551399;-75.70527959;-192.4065389;-213.169779;99.25431609;-169.0348883
536;622.9577718;918.7668782;685.253549;643.7230309;1270.033488;731.9633889;536000000;-224.5211141;-76.61656091;-193.3732255;-214.1384846;99.01674383;-170.0183055
537;623.017839;918.9431366;685.3196229;643.7851003;1271.555994;731.9962209;537000000;-225.4910805;-77.52843172;-194.3401885;-215.1074498;98.77799688;-171.0018896
538;623.0774077;919.1182238;685.3851485;643.8466546;1273.076154;732.0287227;538000000;-226.4612961;-78.4408881;-195.3074258;-216.0766727;98.53807704;-171.9856386
539;623.1364821;919.2921477;685.4501303;643.9076982;1274.593972;732.0608978;539000000;-227.431759;-79.35392616;-196.2749348;-217.0461509;98.29698611;-172.9695511
540;623.1950662;919.4649159;685.5145728;643.9682351;1276.109452;732.0927493;540000000;-228.4024669;-80.26754205;-197.2427136;-218.0158825;98.05472591;-173.9536254
541;623.2531642;919.6365362;685.5784806;644.0282697;1277.622596;732.1242805;541000000;-229.3734179;-81.18173191;-198.2107597;-218.9858652;97.81129823;-174.9378597
542;623.31078;919.8070161;685.641858;644.087806;1279.13341;732.1554947;542000000;-230.34461;-82.09649193;-199.179071;-219.956097;97.56670487;-175.9222526
543;623.3679177;919.9763633;685.7047095;644.1468483;1280.641895;732.186395;543000000;-231.3160412;-83.01181834;-200.1476453;-220.9265759;97.32094763;-176.9068025
544;623.4245812;920.1445853;685.7670393;644.2054006;1282.148057;732.2169846;544000000;-232.2877094;-83.92770735;-201.1164803;-221.8972997;97.0740283;-177.8915077
545;623.4807745;920.3116895;685.8288519;644.263467;1283.651897;732.2472667;545000000;-233.2596128;-84.84415524;-202.085574;-222.8682665;96.82594868;-178.8763667
546;623.5365014;920.4776834;685.8901516;644.3210515;1285.153421;732.2772442;546000000;-234.2317493;-85.76115829;-203.0549242;-223.8394743;96.57671054;-179.8613779
547;623.5917659;920.6425744;685.9509425;644.3781581;1286.652631;732.3069203;547000000;-235.204117;-86.67871282;-204.0245287;-224.8109209;96.32631568;-180.8465399
548;623.6465718;920.8063697;686.011229;644.4347908;1288.149532;732.336298;548000000;-236.1767141;-87.59681515;-204.9943855;-225.7826046;96.07476587;-181.831851
549;623.7009228;920.9690767;686.0710151;644.4909536;1289.644126;732.3653803;549000000;-237.1495386;-88.51546165;-205.9644924;-226.7545232;95.82206291;-182.8173099
550;623.7548228;921.1307026;686.1303051;644.5466502;1291.136417;732.3941702;550000000;-238.1225886;-89.43464871;-206.9348474;-227.7266749;95.56820855;-183.8029149
551;623.8082755;921.2912546;686.1891031;644.6018847;1292.626409;732.4226706;551000000;-239.0958622;-90.35437272;-207.9054485;-228.6990576;95.31320458;-184.7886647
552;623.8612846;921.4507397;686.2474131;644.6566608;1294.114106;732.4508844;552000000;-240.0693577;-91.27463013;-208.8762935;-229.6716696;95.05705277;-185.7745578
553;623.9138538;921.6091652;686.3052392;644.7109823;1295.59951;732.4788145;553000000;-241.0430731;-92.19541739;-209.8473804;-230.6445089;94.79975489;-186.7605928
554;623.9659868;921.766538;686.3625855;644.764853;1297.082625;732.5064638;554000000;-242.0170066;-93.11673098;-210.8187073;-231.6175735;94.5413127;-187.7467681
555;624.0176871;921.9228652;686.4194558;644.8182767;1298.563456;732.533835;555000000;-242.9911565;-94.0385674;-211.7902721;-232.5908617;94.28172797;-188.7330825
556;624.0689584;922.0781537;686.4758542;644.871257;1300.042005;732.560931;556000000;-243.9655208;-94.96092317;-212.7620729;-233.5643715;94.02100245;-189.7195345
557;624.1198041;922.2324103;686.5317846;644.9237976;1301.518276;732.5877546;557000000;-244.9400979;-95.88379485;-213.7341077;-234.5381012;93.75913791;-190.7061227
558;624.170228;922.385642;686.5872508;644.9759022;1302.992272;732.6143085;558000000;-245.914886;-96.80717901;-214.7063746;-235.5120489;93.49613609;-191.6928458
559;624.2202334;922.5378555;686.6422567;645.0275745;1304.463998;732.6405953;559000000;-246.8898833;-97.73107225;-215.6788717;-236.4862128;93.23199875;-192.6797023
560;624.2698237;922.6890577;686.6968061;645.0788179;1305.933455;732.6666178;560000000;-247.8650881;-98.65547117;-216.6515969;-237.4605911;92.96672765;-193.6666911
561;624.3190026;922.8392551;686.7509029;645.129636;1307.400649;732.6923787;561000000;-248.8404987;-99.58037243;-217.6245486;-238.435182;92.70032452;-194.6538106
562;624.3677733;922.9884546;686.8045507;645.1800325;1308.865582;732.7178806;562000000;-249.8161133;-100.5057727;-218.5977247;-239.4099838;92.43279112;-195.6410597
563;624.4161393;923.1366628;686.8577533;645.2300107;1310.328258;732.743126;563000000;-250.7919303;-101.4316686;-219.5711234;-240.3849947;92.16412917;-196.628437
564;624.464104;923.2838862;686.9105144;645.2795741;1311.788681;732.7681175;564000000;-251.767948;-102.3580569;-220.5447428;-241.3602129;91.89434043;-197.6159412
565;624.5116706;923.4301313;686.9628376;645.3287262;1313.246853;732.7928578;565000000;-252.7441647;-103.2849343;-221.5185812;-242.3356369;91.62342663;-198.6035711
566;624.5588424;923.5754048;687.0147266;645.3774705;1314.702779;732.8173493;566000000;-253.7205788;-104.2122976;-222.4926367;-243.3112648;91.3513895;-199.5913253
567;624.6056228;923.7197129;687.0661851;645.4258102;1316.156462;732.8415945;567000000;-254.6971886;-105.1401435;-223.4669075;-244.2870949;91.07823077;-200.5792027
568;624.6520149;923.8630622;687.1172164;645.4737488;1317.607904;732.865596;568000000;-255.6739925;-106.0684689;-224.4413918;-245.2631256;90.80395217;-201.567202
569;624.6980221;924.005459;687.1678243;645.5212895;1319.057111;732.8893561;569000000;-256.6509889;-106.9972705;-225.4160878;-246.2393552;90.52855542;-202.555322
570;624.7436475;924.1469097;687.2180122;645.5684357;1320.504085;732.9128773;570000000;-257.6281763;-107.9265451;-226.3909939;-247.2157821;90.25204226;-203.5435614
571;624.7888942;924.2874205;687.2677836;645.6151907;1321.948829;732.936162;571000000;-258.6055529;-108.8562897;-227.3661082;-248.1924047;89.97441439;-204.531919
572;624.8337655;924.4269977;687.317142;645.6615576;1323.391347;732.9592125;572000000;-259.5831173;-109.7865012;-228.341429;-249.1692212;89.69567354;-205.5203937
573;624.8782643;924.5656474;687.3660908;645.7075398;1324.831643;732.9820313;573000000;-260.5608678;-110.7171763;-229.3169546;-250.1462301;89.41582141;-206.5089844
574;624.9223939;924.7033759;687.4146333;645.7531404;1326.269719;733.0046206;574000000;-261.538803;-111.648312;-230.2926833;-251.1234298;89.13485973;-207.4976897
575;624.9661573;924.8401893;687.462773;645.7983625;1327.70558;733.0269828;575000000;-262.5169214;-112.5799053;-231.2686135;-252.1008187;88.85279021;-208.4865086
576;625.0095575;924.9760936;687.5105132;645.8432094;1329.139229;733.0491201;576000000;-263.4952213;-113.5119532;-232.2447434;-253.0783953;88.56961454;-209.4754399
577;625.0525975;925.1110949;687.5578573;645.8876841;1330.570669;733.0710349;577000000;-264.4737012;-114.4444526;-233.2210714;-254.056158;88.28533444;-210.4644826
578;625.0952804;925.2451992;687.6048084;645.9317897;1331.999903;733.0927292;578000000;-265.4523598;-115.3774004;-234.1975958;-255.0341052;87.9999516;-211.4536354
579;625.137609;925.3784124;687.6513699;645.9755293;1333.426935;733.1142055;579000000;-266.4311955;-116.3107938;-235.1743151;-256.0122354;87.71346772;-212.4428973
580;625.1795863;925.5107405;687.697545;646.0189059;1334.851769;733.1354657;580000000;-267.4102068;-117.2446298;-236.1512275;-256.9905471;87.42588451;-213.4322671
581;625.2212154;925.6421893;687.7433369;646.0619225;1336.274407;733.1565123;581000000;-268.3893923;-118.1789053;-237.1283316;-257.9690387;87.13720365;-214.4217439
582;625.2624989;925.7727647;687.7887488;646.1045822;1337.694854;733.1773471;582000000;-269.3687506;-119.1136176;-238.1056256;-258.9477089;86.84742683;-215.4113264
583;625.3034398;925.9024726;687.8337838;646.1468878;1339.113112;733.1979725;583000000;-270.3482801;-120.0487637;-239.0831081;-259.9265561;86.55655575;-216.4010137
584;625.344041;926.0313185;687.8784451;646.1888424;1340.529184;733.2183905;584000000;-271.3279795;-120.9843407;-240.0607774;-260.9055788;86.26459209;-217.3908047
585;625.3843053;926.1593084;687.9227358;646.2304488;1341.943075;733.2386032;585000000;-272.3078474;-121.9203458;-241.0386321;-261.8847756;85.97153754;-218.3806984
586;625.4242354;926.2864478;687.9666589;646.2717099;1343.354788;733.2586126;586000000;-273.2878823;-122.8567761;-242.0166706;-262.8641451;85.67739376;-219.3706937
587;625.4638341;926.4127425;688.0102175;646.3126286;1344.764325;733.2784209;587000000;-274.268083;-123.7936288;-242.9948912;-263.8436857;85.38216245;-220.3607896
588;625.5031042;926.538198;688.0534146;646.3532077;1346.171691;733.29803;588000000;-275.2484479;-124.730901;-243.9732927;-264.8233962;85.08584528;-221.350985
589;625.5420484;926.6628199;688.0962533;646.3934501;1347.576888;733.3174418;589000000;-276.2289758;-125.6685901;-244.9518734;-265.803275;84.78844392;-222.3412791
590;625.5806695;926.7866137;688.1387364;646.4333585;1348.97992;733.3366585;590000000;-277.2096653;-126.6066931;-245.9306318;-266.7833208;84.48996004;-223.3316707
591;625.61897;926.909585;688.180867;646.4729357;1350.380791;733.355682;591000000;-278.190515;-127.5452075;-246.9095665;-267.7635322;84.19039531;-224.322159
592;625.6569527;927.0317392;688.222648;646.5121845;1351.779503;733.3745142;592000000;-279.1715237;-128.4841304;-247.888676;-268.7439078;83.8897514;-225.3127429
593;625.6946202;927.1530818;688.2640822;646.5511075;1353.17606;733.393157;593000000;-280.1526899;-129.4234591;-248.8679589;-269.7244462;83.58802996;-226.3034215
594;625.7319751;927.2736181;688.3051726;646.5897076;1354.570465;733.4116124;594000000;-281.1340125;-130.3631909;-249.8474137;-270.7051462;83.28523266;-227.2941938
595;625.76902;927.3933535;688.345922;646.6279873;1355.962722;733.4298822;595000000;-282.11549;-131.3033232;-250.827039;-271.6860064;82.98136115;-228.2850589
596;625.8057574;927.5122933;688.3863332;646.6659493;1357.352834;733.4479683;596000000;-283.0971213;-132.2438533;-251.8068334;-272.6670253;82.6764171;-229.2760158
597;625.84219;927.6304429;688.426409;646.7035964;1358.740804;733.4658725;597000000;-284.078905;-133.1847786;-252.7867955;-273.6482018;82.37040214;-230.2670637
598;625.8783203;927.7478073;688.4661523;646.740931;1360.126636;733.4835967;598000000;-285.0608399;-134.1260963;-253.7669238;-274.6295345;82.06331794;-231.2582016
599;625.9141507;927.864392;688.5055658;646.7779557;1361.510332;733.5011427;599000000;-286.0429247;-135.067804;-254.7472171;-275.6110221;81.75516615;-232.2494286